Name,Description,CreatedAt,PushedAt,UpdatedAt,CommitCount
academicsanalysis,"R scripts for data/stats analysis done for Academics team",2019-11-25T16:09:39Z,2020-03-03T20:13:30Z,2020-03-03T20:13:41Z,7
Admissions-Channel-Automation,"null",2020-01-15T08:06:27Z,2020-07-29T09:39:56Z,2020-07-29T09:39:58Z,53
angular2-json-schema-form,"null",2018-05-25T12:59:36Z,2018-05-26T02:14:12Z,2018-05-26T02:14:10Z,4
apps.kaptest.com,"Kaplan Apps is a hub for accessing the applications you may need to perform your job.",2015-01-30T20:21:42Z,2019-07-15T17:42:54Z,2019-07-15T17:42:56Z,86
appserver_config,"Config files for Data Science App Servers (Beast, Cloudbeast, etc.)",2016-07-21T20:30:08Z,2021-01-04T14:41:19Z,2021-01-04T14:41:21Z,297
Arrivals,"Control Tower dashboard for class consolidation team",2011-10-03T20:28:13Z,2020-06-16T18:37:41Z,2020-06-16T18:37:43Z,1111
atom-access,"Atom Access Management",2019-09-25T15:17:37Z,2020-11-03T16:47:16Z,2020-10-26T15:50:08Z,16
atom-access-control,"Access control server for atom",2018-11-12T19:22:02Z,2018-11-12T19:22:03Z,2018-11-12T19:22:05Z,1
atom-access-management-js,"null",2019-06-18T21:19:26Z,2019-06-18T21:19:38Z,2019-06-18T21:19:29Z,1
atom-act-lambda-sequence,"null",2020-04-30T16:42:34Z,2020-06-22T17:57:07Z,2020-06-18T14:46:03Z,19
atom-activity-load-generator,"Generate some load tests for Atom.Activity.Worker",2016-08-11T19:49:41Z,2016-08-22T16:43:25Z,2018-11-19T17:00:23Z,8
atom-admin-api,"null",2020-08-20T02:17:00Z,2021-01-12T15:26:57Z,2021-01-07T04:09:10Z,1
atom-admin-user-lambda,"Lambda function to listen to Admin stream and update First Name and Last Name in Reporting MongoDB",2020-08-26T16:24:22Z,2020-08-26T16:24:24Z,2020-08-26T16:24:27Z,1
atom-angular-add-event,"Atom Angular 1.x Add event reusable component",2016-08-09T14:45:31Z,2017-09-22T17:04:19Z,2016-08-29T17:28:08Z,57
atom-angular-analytics,"Angular Analytics Reusable service",2016-08-09T21:16:10Z,2016-09-28T15:45:15Z,2016-08-10T21:01:56Z,21
atom-api-external-sso,"null",2020-12-15T17:03:19Z,2021-01-13T14:13:13Z,2021-01-12T07:31:59Z,0
Atom-Api-Pipeline-Utils,"Utils for pipeline ",2020-06-19T23:02:05Z,2020-07-28T15:51:08Z,2020-07-28T15:51:07Z,2
atom-apollo-nursing-prod-automation," Automation scripts related to scheduling, kaptest login, take test and validations",2019-07-25T17:16:33Z,2019-07-25T19:15:08Z,2019-07-25T19:15:12Z,9
atom-apollo-nursing-qa-automation,"Automation for scheduling test, kaptest login , test mode and review page",2019-07-25T19:52:47Z,2019-10-08T19:43:53Z,2019-10-08T19:43:55Z,215
atom-architecture,"null",2017-09-12T19:22:04Z,2017-09-13T16:19:30Z,2017-09-12T19:22:04Z,6
atom-assessment-configuration,"null",2017-08-01T21:26:43Z,2017-10-25T18:29:40Z,2017-08-07T14:36:33Z,46
atom-auth,"Atom authentication library",2018-09-27T17:13:05Z,2020-12-11T16:40:16Z,2020-09-02T14:48:13Z,15
atom-auth-api,"null",2019-04-02T14:40:44Z,2021-01-06T21:44:43Z,2021-01-06T19:57:39Z,1
atom-authoring,"Atom Authoring",2018-07-19T03:15:20Z,2020-07-16T15:31:07Z,2019-10-29T17:50:10Z,9
atom-authoring-backstage,"Atom Authoring Backstage",2020-06-11T16:13:22Z,2020-06-11T21:47:08Z,2020-10-26T14:08:23Z,9
atom-authoring-bulk-lambda,"Atom authoring bulk action lambda",2019-08-16T13:47:44Z,2019-08-23T19:31:37Z,2019-08-16T13:47:47Z,1
atom-authoring-garage,"An authoring service for performing and running quick or long processing tasks.",2020-06-16T13:35:18Z,2020-11-03T15:03:46Z,2020-07-24T18:23:38Z,17
atom-authoring-legacy,"Atom Authoring Legacy",2019-10-04T20:57:25Z,2020-10-28T14:48:04Z,2020-10-28T14:45:31Z,31
atom-authoring-schema,"Atom Authoring Schema",2020-01-05T23:40:57Z,2021-01-12T15:35:08Z,2021-01-12T15:27:18Z,37
atom-authoring-search,"Atom Authoring Search",2020-04-26T23:24:16Z,2020-10-26T18:45:18Z,2020-10-26T18:41:25Z,17
atom-authoring-validation,"Atom Authoring Validation",2019-11-06T00:23:52Z,2021-01-12T15:55:04Z,2021-01-12T15:55:06Z,85
atom-backstage,"General-purpose web UI for the Atom Platform",2018-04-01T23:58:39Z,2018-08-23T15:00:34Z,2018-04-23T19:28:39Z,6
atom-bar-gateway,"An nginx reverse proxy gateway for pmbronline.com",2020-01-15T18:54:53Z,2020-11-10T10:49:23Z,2020-07-11T02:31:22Z,38
atom-cognito-triggers,"Repository for the cognito triggers for the atom platform",2018-12-07T18:38:57Z,2020-12-21T14:08:11Z,2020-12-21T14:08:15Z,0
atom-content-delivery,"Content Delivery API",2020-08-06T00:32:46Z,2020-11-06T10:08:58Z,2020-10-29T06:54:10Z,23
atom-content-lambda,"Content hydrator lambda to feed Atom Publisher published content to firehose/redshift",2017-10-17T13:45:04Z,2019-12-04T16:53:01Z,2019-12-04T16:53:00Z,1
atom-content-reporting,"This repository contains Lambda and workers to help processing sequences content into reporting data stores",2020-12-17T15:20:59Z,2021-01-12T22:17:21Z,2021-01-11T21:21:16Z,7
atom-course-lambda,"null",2019-03-20T15:23:47Z,2019-03-22T14:13:55Z,2019-03-20T15:23:49Z,1
atom-debugging,"null",2018-11-12T20:26:49Z,2018-12-07T18:16:44Z,2018-12-07T18:16:45Z,5
atom-decision-record,"Atom Decision Record",2019-07-26T20:29:01Z,2019-12-14T00:19:13Z,2019-09-17T14:50:58Z,25
atom-dev-util,"null",2019-05-13T13:50:35Z,2019-06-13T17:42:43Z,2019-06-13T17:42:29Z,1
atom-experience,"null",2020-01-13T11:09:24Z,2020-01-13T11:09:25Z,2020-01-13T11:09:24Z,0
atom-exposure-api,"Tracks user exposures to questions or content that can be interacted with",2017-07-07T18:56:05Z,2020-12-10T23:50:52Z,2020-12-10T05:37:37Z,112
atom-go,"Go library for the Atom API",2018-09-04T17:48:30Z,2020-08-04T17:41:20Z,2020-08-04T17:35:12Z,246
atom-go-e2e,"Go library for the Atom API (E2E)",2019-05-22T17:10:03Z,2019-05-22T17:15:09Z,2019-05-22T17:15:18Z,1
atom-harmony-v3-prototype,"null",2019-12-11T16:14:21Z,2020-12-12T03:22:48Z,2019-12-12T19:03:24Z,3
atom-hifz-api,"Kaplan memorization API based on spaced repetition algorithms.",2019-10-21T00:32:49Z,2020-12-11T23:30:42Z,2020-08-10T18:02:51Z,0
atom-identity-api,"null",2018-10-08T19:13:52Z,2020-12-10T23:50:51Z,2020-10-30T18:03:47Z,0
atom-itemselection,"Atom Item Selection (Go)",2020-02-22T04:01:12Z,2020-10-26T18:38:30Z,2020-10-26T17:04:16Z,39
atom-jenkins-templates,"null",2019-07-23T16:04:13Z,2021-01-13T13:58:27Z,2021-01-13T13:58:25Z,44
atom-kinesis-producer,"null",2017-08-30T19:44:02Z,2020-12-09T21:44:41Z,2020-02-10T21:03:22Z,19
atom-konga-config,"GUI to manage the Kong Admin API",2019-06-10T14:05:45Z,2021-01-12T20:12:40Z,2021-01-05T21:04:54Z,114
atom-ktp-gateway,"null",2020-03-23T14:49:44Z,2021-01-05T09:43:54Z,2020-11-30T15:39:12Z,84
atom-lambda,"lambda for generating merged yamls/json",2017-01-13T21:49:54Z,2017-02-03T17:07:38Z,2017-01-13T21:50:54Z,33
atom-lawhub-integration,"null",2021-01-11T20:58:31Z,2021-01-11T20:58:34Z,2021-01-11T20:58:36Z,0
atom-learn-graphQL,"Learn graphQL stitching layer",2019-06-06T21:57:18Z,2020-12-16T17:22:05Z,2020-11-19T15:12:36Z,1
atom-learning-path-api,"API for student + author learning path.. NodeJs, Typescript",2018-10-31T16:19:28Z,2018-11-06T16:13:57Z,2020-01-30T18:54:51Z,1
atom-licensure-nursingprod-automation,"maintains smoke tests to run in production",2019-04-17T17:09:02Z,2019-07-25T17:27:28Z,2019-07-25T17:27:30Z,10
atom-licensure-testui-automation,"Licensure Test UI Automation",2018-08-28T12:43:19Z,2020-05-18T06:14:59Z,2020-05-18T06:15:02Z,221
atom-lightning-bolt,"Blazing fast test runner",2016-04-26T20:49:59Z,2017-10-12T16:15:57Z,2016-05-18T15:56:46Z,64
atom-maestro-nit-lambda,"maestro lambda to notify nit for any changes to sequence-recipe",2018-03-09T04:21:31Z,2019-03-29T17:30:44Z,2019-03-29T15:58:14Z,1
atom-monitoring,"Lambdas and Apps for Monitoring / Alerting on Atom Platform",2019-03-28T13:40:22Z,2020-10-21T18:55:53Z,2020-09-17T20:23:49Z,125
atom-multi-tenant-deployment,"null",2019-06-19T15:33:13Z,2019-08-14T22:01:42Z,2019-08-02T22:01:14Z,0
atom-nav,"Atom Navigation components across Maestro, Learner and Apollo",2019-09-05T19:31:16Z,2020-12-22T16:15:02Z,2020-12-22T16:15:00Z,89
atom-node-api-health,"Shared logic for health checks in Atom Node API projects.",2016-01-20T15:57:16Z,2020-12-11T00:46:03Z,2020-03-04T21:44:24Z,56
atom-node-devhelper,"null",2017-02-28T21:37:06Z,2017-12-15T20:44:47Z,2017-02-28T21:39:58Z,9
atom-node-express,"Middleware and utils for atom express apps",2017-03-27T18:46:57Z,2018-07-27T13:53:48Z,2018-07-27T13:53:32Z,23
atom-node-restify,"Custom modules for use with Kaplan Atom Node APIs that utilize Restify",2016-02-15T15:58:42Z,2020-11-09T22:38:02Z,2020-08-27T19:48:00Z,156
atom-node-scoring,"Library for item and sequence-level scoring in Atom",2019-10-10T04:51:21Z,2020-07-19T08:10:06Z,2020-01-17T15:52:06Z,2
atom-node-userprofile,"null",2017-03-14T15:02:10Z,2017-04-04T17:25:28Z,2017-03-17T15:38:20Z,7
atom-octave-api,"An orchestration service to help interact with Atom APIs such as Harmony and Content.",2018-05-14T14:21:14Z,2020-12-10T23:50:52Z,2019-11-26T13:25:58Z,1
atom-opera-house,"null",2017-10-02T19:17:38Z,2018-02-02T16:50:44Z,2018-02-02T16:50:42Z,3
atom-orchestra-reporting,"This repo contains a collection of libs and services to help processing taxonomies, norms, and sequences titles for reporting.",2020-11-20T13:58:53Z,2021-01-06T22:41:26Z,2021-01-06T22:41:24Z,30
atom-paas-prototype,"Kaplan atom platform As service prototype",2018-04-19T17:31:48Z,2021-01-05T04:45:09Z,2019-07-30T14:00:17Z,28
atom-performancetests,"Performance/load test scripts (JMeter, Taurus) for Atom components",2016-12-21T21:40:32Z,2020-11-17T08:49:56Z,2020-11-17T08:49:58Z,586
atom-pipeline-generator,"null",2018-01-16T18:48:31Z,2018-02-06T21:58:27Z,2018-11-28T22:34:25Z,7
atom-platform-tests,"Atom platform level test automation",2019-08-30T18:18:28Z,2021-01-08T06:39:28Z,2021-01-08T06:39:31Z,0
atom-product-switch-api,"null",2020-10-13T14:35:38Z,2020-10-15T14:27:02Z,2020-10-13T14:35:43Z,0
atom-qbuilder-api,"Atom qbuilder api based on Nest.Js framework",2020-02-03T02:00:57Z,2020-07-03T04:47:36Z,2020-07-02T05:26:12Z,25
atom-question-types,"@atom/question-types",2018-08-26T20:18:09Z,2018-11-06T15:23:29Z,2018-10-18T15:20:21Z,2
atom-rbac-sample,"null",2018-12-13T21:56:11Z,2018-12-18T14:58:35Z,2018-12-18T14:58:37Z,7
atom-registration-api,"null",2019-10-11T20:24:28Z,2020-11-18T18:10:26Z,2020-10-30T20:16:18Z,1
atom-s3-kinesis-lambda,"lambda for retrying pushes to kinesis from s3",2017-11-03T14:41:53Z,2017-11-14T14:18:46Z,2017-11-06T19:35:32Z,2
atom-sequence-api,"null",2020-02-10T16:05:32Z,2020-07-20T18:09:42Z,2020-07-20T18:02:21Z,0
atom-studentperformance,"null",2017-02-22T16:13:54Z,2021-01-11T20:48:33Z,2020-12-02T22:06:45Z,878
atom-studyplan-hooks,"Git hooks for StudyPlan authoring",2016-04-12T15:16:05Z,2016-07-13T20:27:26Z,2016-04-21T16:08:41Z,28
atom-symphony-api,"Web BFF for assessment",2019-01-15T15:38:27Z,2020-12-16T16:47:16Z,2020-12-15T09:09:10Z,176
atom-tenant-api,"null",2018-09-06T21:16:52Z,2020-12-10T23:50:54Z,2020-11-24T15:12:09Z,0
atom-tooling-conman,"null",2017-02-07T18:24:14Z,2017-02-07T20:06:53Z,2017-02-07T20:06:52Z,3
atom-tooling-maestro,"Content Authoring Tool",2016-11-14T18:30:46Z,2018-03-22T18:38:29Z,2018-11-19T17:01:07Z,4
atom-tooling-migrator,"Atom Tooling Migrator",2017-06-02T05:18:06Z,2020-07-16T22:17:16Z,2020-07-16T22:17:18Z,308
atom-tooling-publisher,"Atom Tooling Publisher",2017-07-24T05:08:50Z,2021-01-12T16:22:45Z,2021-01-12T16:22:46Z,544
atom-tooling-search,"Search API for Atom Tooling",2017-05-10T20:23:27Z,2020-12-10T23:50:50Z,2020-08-25T17:45:50Z,1
atom-tooling-searchfeeder,"DEPRECATED",2017-03-22T13:45:53Z,2020-09-24T17:25:18Z,2021-01-05T19:56:32Z,40
atom-tooling-versioning,"Atom Content Versioning API",2017-05-11T13:56:58Z,2020-08-11T19:19:09Z,2020-08-11T19:19:53Z,2
atom-web,"Repository for all angular project using nrwl architecture",2018-01-29T19:44:19Z,2021-01-13T14:43:42Z,2021-01-13T14:24:00Z,1009
atom-web-accessibility,"null",2017-11-08T20:34:15Z,2018-08-23T14:12:12Z,2018-08-23T14:12:03Z,62
atom-web-assignment,"A front end application for taking assignments (videos, etc)",2018-05-08T13:01:09Z,2020-09-09T14:34:00Z,2020-09-09T14:34:03Z,0
atom-web-builder-images,"null",2018-05-24T16:30:15Z,2020-10-30T17:55:10Z,2020-04-29T22:17:31Z,15
atom-web-dashboard,"Dashboard microsite - nodejs + angular2 + protractor",2016-09-22T19:45:53Z,2020-10-05T20:55:43Z,2020-11-14T15:31:45Z,1612
Name,Description,CreatedAt,PushedAt,UpdatedAt,CommitCount
atom-web-educator,"Platform OOTB React Reports with Admin API and Access Management",2020-04-02T18:52:09Z,2021-01-13T14:34:49Z,2021-01-13T14:32:42Z,2275
atom-web-environment,"Angular application for Environment microsite",2018-12-07T23:29:05Z,2018-12-07T23:33:02Z,2018-12-07T23:36:12Z,2
atom-web-higgs,"Atom UI Library - Higgs",2017-10-24T17:30:57Z,2019-08-15T18:03:14Z,2018-10-10T19:09:56Z,292
atom-web-higgs-styles,"Global styles",2017-10-17T14:40:51Z,2017-10-17T21:01:39Z,2017-10-17T20:30:48Z,2
atom-web-identity,"Identity microsite for the atom platform",2018-10-03T20:36:08Z,2020-03-27T20:42:00Z,2019-03-05T18:10:22Z,2
atom-web-kape,"KAPE defines the milestones for delivery",2017-06-09T15:08:44Z,2017-07-17T13:41:45Z,2017-06-12T22:12:35Z,1
atom-web-regression,"null",2019-03-25T15:36:47Z,2019-03-25T16:20:56Z,2019-03-25T15:36:50Z,1
atom-web-reverse-proxy,"Reverse proxy for atom microsites",2018-12-11T19:37:07Z,2021-01-13T08:12:09Z,2020-11-25T18:12:23Z,1
atom-web-studentreporting,"Overall student performance Angular7 + NodeJS",2017-06-28T20:19:24Z,2020-06-10T13:36:16Z,2020-06-10T13:36:14Z,678
atom-web-testui,"Atom Test UI",2017-02-28T14:46:26Z,2020-11-18T18:38:48Z,2020-06-10T14:54:17Z,884
atom-webhooks,"null",2020-08-03T16:12:58Z,2020-08-24T14:37:05Z,2020-08-24T14:37:07Z,0
Atom.A4S.iOS,"Atom platform app for students",2019-02-14T15:44:23Z,2019-10-25T18:06:26Z,2020-10-27T17:49:40Z,8
Atom.Activity.Net,".Net Client for the Atom Activity API",2016-03-03T16:09:30Z,2018-04-05T14:38:02Z,2018-11-19T17:03:53Z,34
Atom.Activity.Statements,"Libraries for building activity statements",2016-06-01T20:24:18Z,2016-06-01T20:24:18Z,2018-11-19T17:04:11Z,1
Atom.Activity.Worker,"null",2016-04-12T15:13:07Z,2016-08-11T15:59:10Z,2018-11-19T17:04:18Z,77
Atom.ActivityClient.Api,"null",2016-06-15T21:17:21Z,2017-02-01T16:00:07Z,2018-11-19T17:04:25Z,11
Atom.Api.Gateway,"api gateway and configuration. uses kong (non platform)",2016-07-13T17:18:57Z,2020-10-30T20:14:36Z,2020-08-27T19:10:06Z,0
Atom.Api.Pipeline,"Atom Api Infrastructure and build pipeline configuration",2016-07-19T19:45:37Z,2021-01-13T14:44:44Z,2021-01-12T17:51:59Z,3310
Atom.Api.TestSuites,"null",2016-04-06T20:19:01Z,2018-02-19T15:17:16Z,2016-05-17T15:49:48Z,140
Atom.Auth.iOS,"Atom platform authentication for mobile",2019-05-17T13:22:17Z,2019-09-25T19:48:05Z,2019-09-25T19:46:58Z,80
Atom.Authorization,"Atom Institutional Enrollments Web and API Component Project",2014-10-29T03:26:08Z,2018-08-30T21:13:27Z,2018-08-30T21:13:28Z,155
Atom.Caching,"null",2015-01-21T15:16:38Z,2020-11-17T08:52:37Z,2020-08-12T14:01:28Z,29
Atom.Channel.Api,"null",2015-10-30T15:58:12Z,2020-10-07T17:59:19Z,2020-10-07T17:59:09Z,127
Atom.Chewy.Android,"A prep app from Kaplan featuring flashcards, question bank and other resources for GRE students to better prepare to success.",2016-03-21T21:22:29Z,2016-11-21T20:54:48Z,2016-03-21T21:33:16Z,9
Atom.Chewy.iOS,"A prep app from Kaplan featuring flashcards, question bank and other resources for students to better prepare to success.",2016-01-28T18:23:12Z,2016-11-21T21:10:23Z,2016-03-21T21:23:33Z,3
Atom.Content.Api,"null",2016-04-20T20:13:53Z,2020-09-05T21:23:26Z,2020-10-21T16:08:18Z,1
Atom.ContentWeek,"A little bit of PP here, a little bit of PP there, and...tada!",2016-03-23T19:55:28Z,2016-03-29T21:22:08Z,2016-03-24T15:48:45Z,67
Atom.Demo.Encryption,"null",2018-02-22T18:36:26Z,2018-02-22T18:51:22Z,2018-02-22T18:38:52Z,10
Atom.DeveloperPortal,"null",2015-01-21T15:19:30Z,2015-07-28T18:32:37Z,2015-06-18T18:21:38Z,2
Atom.Docker,"docker images",2017-02-22T16:39:00Z,2019-01-04T17:54:54Z,2019-01-04T17:43:03Z,13
atom.documentation,"centralized documentation repo",2018-03-01T16:41:04Z,2020-11-06T13:51:39Z,2020-09-17T20:48:58Z,66
Atom.EssayGrading,"null",2014-05-13T15:22:29Z,2018-04-11T19:54:19Z,2016-01-14T21:21:49Z,198
Atom.EssayGrading.Tests,"null",2015-09-15T15:45:38Z,2015-09-23T21:54:04Z,2015-09-15T18:11:15Z,7
Atom.Flashcards.Demo,"A demonstration of spaced learning implemented on flashcards",2018-05-28T01:13:11Z,2019-10-24T21:07:48Z,2019-10-24T21:07:50Z,36
Atom.Garage,"null",2014-06-09T20:10:11Z,2020-11-23T18:47:07Z,2020-11-23T18:47:10Z,10
Atom.Gateway.Config,"null",2015-03-24T16:19:20Z,2016-10-27T15:01:40Z,2018-11-19T17:06:52Z,37
Atom.Genesis,"Atom Content Management System",2015-02-02T17:35:15Z,2019-01-10T00:44:48Z,2019-01-04T15:22:50Z,525
Atom.Harmony.Api,"ðŸŽ¶ðŸŽµ",2016-08-10T19:48:38Z,2021-01-13T14:52:02Z,2021-01-13T14:48:54Z,509
Atom.Identity,"null",2014-01-27T21:45:36Z,2018-12-27T22:07:51Z,2018-07-02T19:36:10Z,172
Atom.Institutional.Testing,"null",2015-02-16T20:05:36Z,2016-06-22T00:39:31Z,2018-11-19T17:05:46Z,48
Atom.ItemSelection,"null",2016-07-05T20:51:16Z,2020-04-29T17:37:11Z,2020-04-29T17:37:10Z,210
Atom.ItemSelection.Api,"Api for adaptive item selection for assessments",2016-08-25T15:21:29Z,2020-07-16T16:45:06Z,2020-07-16T16:45:06Z,245
Atom.ItemSelection.Lambda,"null",2017-09-18T19:59:10Z,2019-11-18T19:51:43Z,2019-11-18T20:04:48Z,1
Atom.JMeter,"null",2015-02-17T23:52:14Z,2016-01-19T21:37:15Z,2015-02-18T17:48:31Z,16
Atom.jmeter-ec2,"Script for executing load tests in AWS (script will automatically provision JMeter servers)",2015-09-23T00:04:34Z,2016-11-03T19:40:34Z,2018-11-19T17:05:38Z,52
Atom.KapengineClient,"null",2016-09-19T20:02:25Z,2020-05-18T18:33:23Z,2020-05-18T18:32:54Z,29
Atom.Mobile.Tests.Android,"null",2016-08-25T14:54:51Z,2016-11-29T15:32:33Z,2016-08-31T20:25:21Z,55
Atom.Mobile.Tests.iOS,"null",2016-08-25T14:54:37Z,2017-02-22T15:48:10Z,2016-09-08T18:43:50Z,19
Atom.Mobile.Tests.Spark.Android,"null",2017-02-16T15:15:01Z,2017-10-30T14:50:33Z,2017-04-04T14:10:38Z,34
Atom.Mobile.Tests.Spark.iOS,"null",2017-02-16T15:15:19Z,2018-01-26T21:40:24Z,2017-06-13T20:45:45Z,86
Atom.Pearson.Api,"Pearson API Integration",2016-09-09T16:38:27Z,2020-06-17T01:09:52Z,2020-06-17T01:09:37Z,97
Atom.PearsonClient,"null",2016-09-15T19:51:14Z,2018-04-05T16:37:09Z,2018-04-05T16:37:05Z,50
Atom.ProductConfig.Api,"null",2015-10-30T15:58:51Z,2020-10-07T17:59:17Z,2020-10-07T17:59:17Z,87
Atom.Prometric.Api,"null",2015-08-19T13:45:00Z,2018-10-30T15:04:34Z,2018-10-30T15:04:25Z,118
Atom.Qbank.Android,"null",2015-10-19T13:40:49Z,2019-06-25T16:12:41Z,2018-03-22T19:44:40Z,559
Atom.Qbank.iOS,"null",2015-10-19T13:39:27Z,2018-10-25T08:02:16Z,2016-01-11T07:37:56Z,1427
Atom.QoD.iOS,"Question of the Day",2019-11-07T19:25:59Z,2020-01-14T22:08:56Z,2019-12-23T07:00:45Z,10
Atom.Recommendations.Tool,"null",2015-01-21T15:14:03Z,2015-01-21T16:30:39Z,2018-11-19T17:10:04Z,2
Atom.Reporting,"null",2013-07-12T15:34:08Z,2021-01-12T21:07:09Z,2021-01-12T21:06:40Z,729
Atom.SDK.CSharp,"null",2015-05-26T14:12:30Z,2015-05-29T21:38:31Z,2015-05-26T17:02:34Z,0
Atom.SimpleNode,"Simple node app for testing performance on hosting environments",2016-10-14T17:40:03Z,2016-11-22T19:08:20Z,2016-10-14T17:43:58Z,24
Atom.Spark.Android,"The Kaplan Mobile Prep app for the Android Platform",2016-12-05T14:09:52Z,2021-01-04T04:39:11Z,2021-01-04T04:39:12Z,203
Atom.Spark.iOS,"ðŸ“±",2016-11-21T21:09:35Z,2020-07-28T04:18:29Z,2019-11-07T19:22:28Z,810
Atom.Spec.iOS,"The Atom CocoaPods Spec",2019-05-20T21:09:28Z,2019-09-25T20:02:12Z,2019-09-25T20:02:14Z,23
Atom.Standards,"null",2015-12-07T16:03:39Z,2018-01-24T14:27:19Z,2018-12-19T14:32:23Z,28
Atom.StudyPlan.Api,"null",2013-07-15T15:26:14Z,2020-11-20T11:40:54Z,2020-09-14T19:33:22Z,1764
Atom.StudyPlan.Author,"null",2014-06-11T21:22:39Z,2020-02-28T19:19:49Z,2018-11-09T17:04:29Z,195
Atom.StudyPlan.GitServer,"null",2014-06-11T21:22:13Z,2016-04-12T13:58:38Z,2014-09-10T22:11:44Z,7
Atom.StudyPlanStatus.Api,"null",2016-04-05T18:29:12Z,2017-03-03T14:43:21Z,2018-11-19T17:10:18Z,1
Atom.Stufferences.Api,"null",2016-04-05T17:05:48Z,2020-12-10T23:50:47Z,2020-07-17T14:26:42Z,48
Atom.Tagging.Api,"lasers pew pew",2016-05-24T18:33:33Z,2020-04-16T09:08:43Z,2020-10-21T16:07:23Z,1
Atom.Testing,"null",2015-01-21T15:16:49Z,2018-11-14T01:10:49Z,2018-11-14T01:10:47Z,8
Atom.Token.Api,"null",2015-07-16T16:16:47Z,2020-12-30T18:26:49Z,2020-05-28T17:37:28Z,158
Atom.Tooling.BrowserExtension,"Import Content from Habitat to Atom",2016-11-22T18:50:08Z,2016-11-28T15:14:24Z,2018-11-19T17:11:00Z,1
Atom.Tooling.GraphQLServer,"GraphQL Server for Atom API, Inkling Habitat, and Jasper",2017-01-03T18:30:25Z,2018-02-13T02:39:22Z,2017-01-10T18:13:23Z,23
Atom.Tooling.Parsers,"null",2017-01-10T22:22:33Z,2021-01-07T22:42:45Z,2017-03-14T16:11:07Z,183
Atom.UserCacheClient,"UserLogin/UserProfile Redis Get/Set",2016-10-11T20:40:48Z,2020-11-18T14:58:24Z,2020-06-17T19:08:55Z,101
Atom.UserPreferences.Client,"Asp.Net Client and Model for UserPreferences API",2016-08-09T21:02:13Z,2020-05-18T18:32:39Z,2020-05-18T18:32:39Z,20
Atom.Utility,"null",2014-01-23T16:31:10Z,2015-02-06T20:36:49Z,2015-02-06T20:36:39Z,154
Atom.VideoPlayer,"The common video player for KTP",2013-11-15T22:08:16Z,2015-08-06T18:54:19Z,2018-12-13T13:59:58Z,141
Atom.Web.Account,"Atom.Web Account related functionality ",2016-04-18T14:30:23Z,2021-01-08T12:28:00Z,2020-07-29T17:12:04Z,7595
Atom.Web.Channel,"Channel microsite",2016-06-14T16:03:11Z,2021-01-08T12:03:03Z,2020-07-29T17:12:11Z,7689
Atom.Web.ChannelClient,"null",2016-06-28T18:40:38Z,2021-01-13T12:37:45Z,2018-05-25T22:22:03Z,7028
Atom.Web.Configuration,"null",2020-11-05T12:39:04Z,2020-11-17T12:03:13Z,2020-11-17T12:03:16Z,0
Atom.Web.Courseware,"null",2016-04-26T17:11:31Z,2020-12-28T03:28:12Z,2020-12-23T14:38:48Z,8120
Atom.Web.DevHelper,"It helps do stuff",2016-08-22T20:41:10Z,2020-11-19T09:27:04Z,2018-04-05T15:22:14Z,33
Atom.Web.Environment,"null",2016-04-26T19:08:57Z,2020-10-15T20:14:20Z,2020-07-29T17:13:44Z,7352
Atom.Web.Framework,"null",2016-10-11T21:43:49Z,2021-01-08T13:05:59Z,2020-06-26T18:07:55Z,98
Atom.Web.Gateway,"null",2016-04-12T18:16:15Z,2020-11-25T05:24:57Z,2020-11-06T06:19:38Z,321
Atom.Web.Grunt.Custom,"null",2016-06-17T15:31:44Z,2016-07-27T17:51:17Z,2016-07-20T15:29:29Z,26
Atom.Web.Labs,"null",2016-07-01T14:52:20Z,2017-01-24T15:21:26Z,2018-11-19T17:11:06Z,126
Atom.Web.Libraries,"null",2016-04-18T14:33:22Z,2021-01-07T14:57:12Z,2020-10-26T18:57:15Z,7258
Atom.Web.Libraries.Core,"null",2020-10-20T06:05:22Z,2020-10-27T09:06:13Z,2020-10-27T09:06:15Z,10
Atom.Web.QaSupport,"null",2016-04-25T15:57:44Z,2016-04-25T20:40:56Z,2016-04-25T16:00:06Z,7084
Atom.Web.Qbank,"null",2016-04-26T19:11:21Z,2020-12-11T01:27:28Z,2020-07-29T17:14:35Z,7711
Atom.Web.Tests,"null",2014-08-14T13:42:41Z,2018-10-22T19:55:18Z,2020-03-12T14:32:59Z,3325
Atom.Web.VideoPlayer,"The repo for VideoPlayer bower component",2016-04-22T20:32:59Z,2020-06-09T09:54:15Z,2020-06-09T06:16:13Z,7182
Atom.WebApi,"null",2015-01-21T15:16:58Z,2020-12-04T14:01:24Z,2020-05-22T14:36:03Z,106
AtomBuildOn,"null",2020-03-30T17:22:49Z,2020-03-30T17:24:56Z,2020-03-30T17:24:59Z,3
atomium-amp,"Account management page based on third party API's ",2020-03-14T00:15:11Z,2020-11-06T13:43:06Z,2020-06-24T05:31:41Z,522
Name,Description,CreatedAt,PushedAt,UpdatedAt,CommitCount
atomium-biodigital-api,"Biodigital wrapper API",2020-06-08T01:28:22Z,2020-07-01T07:25:32Z,2020-07-01T07:25:34Z,0
atomium-hifzredis-producer,"Setup redis cache for the atom-hifz-api",2020-06-19T18:13:12Z,2020-07-17T12:43:26Z,2020-07-17T12:43:28Z,0
atomium-productconfig-api,"Node app to serve product configs",2020-04-08T19:24:29Z,2021-01-07T07:40:36Z,2020-12-10T05:58:43Z,115
atomium-qbank-api,"BFF for Atomium Qbank",2020-03-31T23:45:59Z,2021-01-07T20:38:57Z,2021-01-07T20:38:59Z,0
AuthDemo,"null",2018-09-20T21:11:02Z,2018-09-20T21:12:02Z,2018-09-20T21:12:04Z,2
aws-helper,"some aws helpers in go",2016-08-25T17:39:35Z,2018-03-13T16:00:12Z,2018-03-13T16:00:13Z,21
awssudo,"null",2016-05-04T19:37:54Z,2020-07-16T21:37:43Z,2019-01-07T19:25:29Z,54
Bar-Automation,"null",2020-02-13T05:40:46Z,2020-02-13T05:53:40Z,2020-02-13T05:53:42Z,4
BarAngularPOC,"Bar Angular POC",2020-01-08T04:48:32Z,2020-01-08T09:00:41Z,2020-01-08T09:00:43Z,3
BarReview,"Kaplan Bar Review Code Repository",2014-08-12T18:50:17Z,2020-12-21T09:20:45Z,2020-12-21T09:17:06Z,5582
BarReview.Android,"Repository for Androidâ€‹ App",2014-12-03T23:39:42Z,2020-10-27T10:06:33Z,2020-07-21T07:30:11Z,1735
BarReview.Database,"Kaplan Bar Review Database Repository",2014-08-12T18:51:00Z,2020-12-15T10:52:04Z,2020-02-20T18:05:55Z,1702
BarReview.iOS,"Repository for iOS App",2014-12-03T23:39:26Z,2020-06-19T06:33:20Z,2020-02-20T18:15:27Z,3
BarReview.RepPortal,"Rep Portal for Bar Review Representatives",2016-07-15T15:34:16Z,2020-10-28T15:36:54Z,2020-10-28T15:36:56Z,100
BarReview.RepPortal.Database,"null",2016-07-15T16:14:32Z,2017-07-11T16:19:11Z,2017-06-09T06:29:11Z,23
behavioral-emails,"utilities to send student information to marketing cloud",2019-09-12T00:55:34Z,2020-07-23T18:46:51Z,2020-07-23T18:46:54Z,70
BI.Reporting,"null",2016-10-20T19:32:52Z,2018-04-10T16:25:04Z,2018-04-10T16:25:13Z,6
BI.Reporting.SSRS,"null",2018-09-07T18:54:21Z,2020-12-04T04:56:59Z,2020-12-04T04:57:02Z,199
Bi.Reporting2,"null",2018-05-07T19:22:44Z,2018-05-07T19:22:45Z,2018-05-07T19:22:44Z,0
BI.SnapLogic,"null",2016-08-11T20:15:12Z,2020-10-01T15:19:50Z,2020-10-01T15:19:52Z,4
BizSys.accountability,"Accountability - Api to create or update student accountability information. (School, Company, Relationship, PmbrReps)",2018-08-03T14:28:32Z,2020-06-08T20:02:38Z,2020-02-20T19:46:10Z,57
BizSys.caching-security,"Inspired by IN.caching-security",2018-09-25T14:26:42Z,2019-08-19T19:15:31Z,2019-08-19T19:15:33Z,14
BizSys.chronos,"Chronos - Salesforce to KBS Integration - A microserivce that takes xml generated by salesforce and breaks it out into small pieces, converting it to json and calling the appropriate microservice",2017-11-02T18:56:07Z,2020-06-01T21:32:49Z,2020-03-02T18:02:41Z,126
BizSys.contact-info,"ContactInfo - Api to create or update student contact information. (Address, Email, Phone, Exclusion)",2018-07-17T16:31:48Z,2020-06-08T19:47:37Z,2020-02-20T19:46:12Z,91
BizSys.KBS,"KBS Application",2016-06-16T15:57:02Z,2020-10-20T16:50:44Z,2020-10-20T16:36:18Z,174
BizSys.kbs-product-catalog,"null",2019-08-21T18:27:51Z,2019-08-26T13:51:28Z,2019-08-21T18:44:43Z,2
BizSys.Modules,"null",2017-10-06T15:04:17Z,2020-07-31T16:48:18Z,2020-07-31T16:48:22Z,203
BizSys.mri-dashboard,"MRI dashboard",2015-02-11T21:37:16Z,2020-08-10T15:26:12Z,2020-08-10T15:25:41Z,469
BizSys.mri-server,"null",2020-10-27T22:42:27Z,2020-10-27T22:42:29Z,2020-10-27T22:42:31Z,0
BizSys.OneLogin,"null",2019-08-21T18:26:44Z,2019-08-21T18:26:45Z,2019-08-21T18:26:44Z,0
BizSys.order,"null",2018-09-25T14:25:00Z,2020-05-12T15:48:14Z,2019-03-29T15:05:16Z,1
BizSys.product-catalog,"Product Catalog Management - An application to manage the KBS product catalog",2017-03-21T16:12:14Z,2020-06-10T18:44:58Z,2020-06-10T18:23:56Z,412
BizSys.purchase,"Microservice that will allow a client to interact with Enrollment entity.",2018-06-04T16:37:40Z,2020-12-15T15:56:09Z,2020-12-15T15:55:37Z,188
BizSys.Revere,"Revere repository",2016-06-16T15:55:01Z,2019-05-16T20:18:32Z,2018-11-14T15:04:17Z,10
BizSys.student,"Student - Api to create or update student information. (Person, Lead, Interest, Interaction, Misc Info, and PMBR Reps)",2018-07-17T16:29:54Z,2020-06-19T18:58:14Z,2020-06-19T18:57:42Z,136
bjorne,"null",2013-12-02T16:49:54Z,2020-03-07T08:17:36Z,2020-03-07T08:17:42Z,290
boat,"null",2020-03-22T22:00:00Z,2020-07-08T09:19:41Z,2020-07-08T07:09:01Z,74
bootcamp-second-screen,"null",2019-04-24T21:04:55Z,2019-05-15T19:39:09Z,2019-05-15T19:39:11Z,5
businessanalytics,"businessanalytics",2010-02-23T17:04:35Z,2020-09-17T15:33:00Z,2020-11-05T18:59:33Z,650
CES,"Classical (Test Theory) Equating System",2020-01-30T14:31:23Z,2020-01-30T14:45:54Z,2020-01-30T14:45:57Z,3
cloudops-helm,"null",2020-10-30T20:38:28Z,2020-12-14T18:06:53Z,2020-12-14T18:06:55Z,0
cloudops-onelogin,"null",2018-10-25T01:44:20Z,2020-09-22T22:30:52Z,2020-09-22T22:30:54Z,64
cloudops-tools,"null",2020-06-27T00:56:09Z,2020-12-07T20:10:34Z,2020-12-07T20:10:37Z,26
Cobalt,"Repository for the existing KapSites codebase",2014-03-04T17:27:12Z,2020-03-11T01:39:38Z,2020-03-11T01:39:40Z,1555
CognitoDemo,"null",2018-10-01T11:07:15Z,2018-10-01T16:36:39Z,2018-10-01T16:36:40Z,4
common_utils,"null",2020-03-06T03:00:45Z,2020-05-05T23:47:55Z,2020-05-05T23:47:58Z,18
content-item-generation-tools,"Collection of scripts and tools for helping content item authors create items",2019-05-07T18:10:33Z,2019-05-07T18:10:35Z,2019-05-07T18:10:36Z,1
Control-Room,"Control Room connects you to everything you want to know about the KTP Apps.",2013-04-29T20:16:59Z,2020-10-22T20:14:07Z,2020-10-22T20:14:09Z,270
core-functions,"null",2016-12-27T05:45:43Z,2017-03-20T16:07:46Z,2017-07-18T15:33:05Z,6
CS.doge,"Shipment and School micro service",2017-07-31T16:11:13Z,2020-12-10T14:49:15Z,2020-09-02T19:28:43Z,222
CS.KE3-lite,"Lightweight version of KapEngine which will server a handful of use cases: <list them here>",2020-04-08T15:36:44Z,2020-06-15T13:34:29Z,2020-06-15T13:34:31Z,43
CS.KE4-GraphQL.Schema-Stitching,"KE4 GraphQL server which uses schema stitching approach to expose multiple REST APIs through one single entry point",2018-09-21T22:08:50Z,2021-01-05T07:37:34Z,2020-08-26T16:07:56Z,417
CS.KE4-GraphQL.v1,"GraphQL Engine for KE4 v1. Current project is located in: https://github.com/KaplanTestPrep/CS.KE4-GraphQL.Schema-Stitching",2017-06-22T16:30:33Z,2019-01-17T21:23:40Z,2019-01-25T22:47:20Z,351
CS.ktp-class,"GraphQL Service for operational class data",2019-03-21T15:00:36Z,2020-12-02T17:30:27Z,2020-12-02T17:30:30Z,282
CS.LoadTesting,"Store Load testing scripts such as JMeter",2017-04-24T20:53:47Z,2017-05-17T20:48:25Z,2017-05-17T19:30:30Z,6
CS.Modules,"null",2015-07-29T20:53:18Z,2020-12-02T21:44:13Z,2020-12-02T21:44:16Z,450
CS.monero,"Account and Enrollment Microservice",2017-11-08T15:01:15Z,2021-01-12T22:15:05Z,2020-12-08T19:27:36Z,243
CS.ripple,"Catalog Real Time Microservice.",2017-07-31T16:14:38Z,2020-12-17T16:42:08Z,2020-07-09T13:46:27Z,318
CS.SSO,"SSO solution using PingFederate + Docker",2017-06-06T14:09:42Z,2020-01-30T16:03:24Z,2019-08-09T16:56:58Z,30
CS.tesla,"Tesla - Manage Enrollment Session Microservice - Allows users to find & manage Makeup sessions for classes and events",2017-12-19T22:08:17Z,2019-01-10T20:05:39Z,2019-01-10T20:05:41Z,254
DAPS,"null",2015-07-24T19:22:02Z,2020-12-02T18:27:31Z,2020-12-02T18:27:34Z,47
DataEngineering,"null",2016-12-12T18:12:36Z,2020-08-25T16:32:58Z,2020-11-11T18:27:54Z,228
DataScience_Team_Notes,"null",2018-12-18T23:47:40Z,2019-01-04T21:56:41Z,2020-03-06T21:44:43Z,15
Departures,"Class Creation Tool",2012-05-17T18:29:32Z,2020-10-27T14:27:57Z,2020-10-27T14:28:00Z,2201
departures-frontend,"null",2017-02-28T20:50:46Z,2017-03-14T22:37:57Z,2017-03-14T22:38:01Z,13
digitalmedia,"Digital Media",2018-10-23T20:11:37Z,2020-10-15T23:22:38Z,2020-10-15T23:22:41Z,118
digitalmedia.webvtt-plugin,"null",2019-03-25T04:47:46Z,2019-05-28T19:45:50Z,2019-03-25T04:51:10Z,1
DigitalMedia.YamlGenerator,"null",2019-03-26T16:01:24Z,2019-08-23T17:45:07Z,2019-08-23T17:45:09Z,3
discourse_docker,"null",2018-09-19T15:14:18Z,2018-09-20T17:52:54Z,2018-09-20T17:52:56Z,1037
dm-transcription,"null",2017-05-09T17:26:34Z,2017-07-26T19:37:32Z,2017-05-09T18:27:03Z,209
dmdash,"Digital Media Toolbox",2019-11-21T21:43:19Z,2020-08-13T20:11:52Z,2020-08-24T16:42:02Z,307
DMTools,"null",2020-08-24T16:44:18Z,2020-09-17T19:58:10Z,2020-09-17T19:58:13Z,331
dmut,"Digital Media Upload Tool",2018-07-16T15:45:57Z,2019-07-01T16:11:16Z,2019-07-01T16:11:18Z,16
dmwiki,"null",2018-02-06T19:55:15Z,2019-02-20T23:55:05Z,2019-02-20T23:55:07Z,491
docker-atomapi-base,"base docker image for atom api team's node projects",2016-03-17T19:04:48Z,2020-07-09T20:59:26Z,2020-07-09T21:00:39Z,57
docker-multicontainer-config,"Configuration files for Multicontainer Docker Environments in Elastic Beanstalk",2015-10-23T14:38:26Z,2017-02-21T02:12:46Z,2016-01-11T18:02:55Z,149
docker-teamcity-agent,"null",2016-03-03T15:44:49Z,2017-06-15T13:32:27Z,2016-03-03T18:34:00Z,30
ds-web-scrape,"web scraping efforts from the data science team",2019-04-03T18:24:30Z,2019-08-26T23:35:00Z,2020-03-06T21:44:40Z,32
dstack-testing,"testing!",2017-07-27T18:25:42Z,2017-07-27T18:39:00Z,2017-07-27T18:25:58Z,2
ds_psychometrics_cleaning,"This is a repository for psychometric + score analysis at KTP.",2016-04-09T21:00:47Z,2019-04-26T19:35:55Z,2019-04-26T19:35:59Z,53
ds_psychometric_cleaning,"null",2019-04-16T15:39:28Z,2019-04-16T15:42:55Z,2019-04-26T19:36:49Z,1
engagement-tracker,"Digital Media Postgres Engagement Tracker for RRL and ACT",2018-10-23T22:49:40Z,2019-06-26T20:36:17Z,2019-06-26T20:36:19Z,12
etel,"mediawiki for etel",2018-05-08T19:35:13Z,2018-05-08T19:35:14Z,2018-05-08T19:35:13Z,0
example-application-pipeline,"Must be on VPN to access the website",2016-06-23T16:51:38Z,2016-10-03T17:35:58Z,2016-06-24T19:05:59Z,20
example-ruby-codebuild,"null",2016-08-17T10:35:26Z,2016-08-17T10:42:10Z,2016-08-17T10:42:11Z,1
example-yeeha-pipeline,"Pipeline deployment of the example application "Yeeha" ",2016-06-28T21:42:56Z,2016-10-26T16:24:48Z,2016-06-28T21:43:23Z,0
example-yeeha-portal,"Portal UI microservice of the example application "Yeeha" ",2016-06-28T21:49:32Z,2016-10-26T16:08:25Z,2016-06-28T21:51:00Z,13
example-yeeha-stockprice,"Stockprice microservice of the example application "Yeeha" ",2016-06-28T09:31:34Z,2016-10-26T16:06:12Z,2016-06-28T09:32:44Z,19
example-yeeha-weather,"Weather microservice of the example application "Yeeha" ",2016-06-28T10:05:59Z,2016-10-26T16:08:03Z,2016-06-28T10:06:35Z,79
FTNS,"Kaplan Test Prep field test N-count screening system",2019-04-30T00:40:15Z,2020-01-30T14:47:10Z,2020-01-30T14:47:13Z,6
generator-atom-node-api,"null",2015-11-03T20:00:05Z,2019-01-15T19:38:34Z,2019-05-17T18:03:16Z,231
gitbox,"null",2017-04-28T19:12:42Z,2017-04-28T19:12:43Z,2017-04-28T19:12:42Z,0
Goldmine,"Kaptest class, tutoring, observation, student management app ",2010-07-28T17:39:43Z,2021-01-12T21:22:21Z,2021-01-12T21:22:24Z,5883
Grad.Jasper,"null",2013-09-24T20:13:49Z,2020-12-28T12:00:31Z,2020-12-17T12:24:40Z,13164
graphql-packages,"KTP graphql packages, including apollo-server, stitching remote schemas, reporting and more",2019-02-27T18:16:08Z,2019-05-24T20:40:22Z,2019-05-24T20:40:24Z,43
gulp-tag-copy-move,"A gulp stream to tag a repository, and copy the files into a versioned directory using the package.json as number source",2016-11-04T11:57:52Z,2016-11-10T15:16:52Z,2016-11-04T12:14:56Z,16
habitat-import,"null",2017-07-31T18:22:10Z,2017-07-31T19:34:17Z,2017-07-31T18:54:57Z,9
hapyak-custom-css,"null",2019-01-25T18:27:21Z,2020-05-20T20:41:40Z,2020-05-20T20:41:43Z,18
i-human.automation,"null",2018-07-23T17:57:06Z,2018-07-26T22:37:46Z,2018-07-26T22:37:47Z,44
i-human.cases-xml,"i-Human Patients - Xml",2018-03-09T19:19:29Z,2021-01-12T01:14:17Z,2021-01-12T01:14:19Z,145
Name,Description,CreatedAt,PushedAt,UpdatedAt,CommitCount
i-human.emr,"i-Human Patients - Lemr",2018-03-09T19:17:04Z,2018-09-12T21:38:05Z,2018-03-09T19:50:59Z,79
i-human.icarus,"Icarus",2018-03-08T19:58:51Z,2018-03-09T19:44:42Z,2018-03-09T19:44:44Z,16
i-human.ih2,"I-Human Patients - Ih2",2018-03-08T20:06:35Z,2021-01-13T06:45:30Z,2018-10-18T22:54:00Z,7441
i-human.lemr-docker,"i-Human Patients - Lemr docker",2018-03-09T19:17:41Z,2018-03-09T19:50:24Z,2018-03-09T19:50:27Z,17
i-human.lessons,"null",2018-03-08T18:33:56Z,2018-03-08T18:53:58Z,2018-03-08T18:54:02Z,336
i-human.lessons-ui,"i-Human Patients - Lesson V2 ui",2018-03-09T19:33:11Z,2018-03-09T19:45:16Z,2018-03-09T19:45:28Z,141
i-human.maintenance,"i-Human Patients - Maintenance site",2018-03-09T19:20:13Z,2018-10-01T20:06:58Z,2018-10-01T20:06:59Z,24
i-human.MedicalImageViewer,"i-Human Patients - Medical Image Viewer",2018-03-08T22:59:28Z,2018-03-09T19:48:22Z,2018-03-09T19:48:34Z,198
i-human.Nine,"I-Human Patients - Player/Authoring/Tools V2",2018-03-08T20:05:48Z,2021-01-13T05:19:30Z,2018-10-18T22:52:53Z,11005
i-human.p3,"i-Human Patients Player V3",2018-03-08T19:48:50Z,2021-01-13T05:19:33Z,2018-10-18T22:55:56Z,1187
i-human.php-reports,"A PHP framework for displaying reports from any data source, including SQL and MongoDB",2018-05-10T17:13:02Z,2020-09-21T16:30:21Z,2020-09-21T16:30:25Z,329
i-human.reporter-ui,"i-Human Patients - React-bsed Individual Report UI",2018-03-08T20:03:59Z,2021-01-13T05:17:35Z,2018-09-20T19:08:37Z,679
i-human.reporter-ui-group,"I-Human Patients - Group report UI",2018-03-08T20:01:18Z,2021-01-13T05:17:39Z,2018-09-20T19:09:05Z,427
i-human.swan,"i-Human Patients - Sepsis project",2018-03-09T19:55:21Z,2018-03-09T20:05:10Z,2018-03-09T19:58:18Z,441
i-human.tilesetter,"i-Human Patients - Tilesetter",2018-03-09T19:24:09Z,2018-03-09T19:52:11Z,2018-03-09T19:52:15Z,192
i-human.tools,"i-Human Patients - Tools",2018-03-09T19:15:54Z,2021-01-13T00:45:30Z,2021-01-13T00:45:33Z,745
i-human.utilities,"Java utilities",2018-03-08T19:59:45Z,2018-10-04T04:00:33Z,2018-10-04T04:00:35Z,167
IAS,"Kaplan Test Prep item and test analysis system",2019-04-30T00:41:09Z,2020-04-11T01:43:00Z,2020-04-11T01:43:03Z,8
iform,"iform is a Ruby based command line interface for interacting with remote orchestration API.",2019-04-17T20:53:59Z,2020-12-01T14:18:49Z,2020-12-01T14:18:51Z,87
iform-stacks,"iform provisions, modifies, and destroys stacks in a predictable & repeatable manner.",2019-02-05T01:44:11Z,2021-01-12T22:31:30Z,2021-01-12T22:31:33Z,1074
imake,"An extensible tool for generating AWS infrastructure",2016-10-06T17:43:52Z,2020-09-08T18:47:33Z,2020-11-12T15:30:32Z,128
imake-stacks,"null",2016-03-28T17:14:25Z,2020-04-29T15:13:30Z,2020-04-30T16:10:26Z,2202
IN-apollo-student-last-active,"lambda that reads the events from kinesis stream and update timestamp on student_activity_detail collection in Apollo Reporting DB ",2020-03-12T15:24:36Z,2020-06-26T14:56:13Z,2020-06-26T03:17:50Z,27
IN-test.filters-js,"null",2019-12-18T15:11:40Z,2020-04-20T19:15:40Z,2020-03-13T20:36:08Z,6
IN.activity-dw,"Activity Microservice.",2017-07-31T16:17:21Z,2018-08-08T23:27:29Z,2018-08-29T18:36:08Z,131
IN.admin-db,"DB Models & migrations for Atom Admin",2019-02-26T18:29:05Z,2020-09-02T19:40:56Z,2020-09-02T15:04:05Z,117
IN.admin-db-scripts,"Apollo Admin - Tenant Setup (onboarding) scripts.",2019-05-16T14:18:08Z,2020-07-20T23:01:55Z,2020-07-20T23:01:50Z,16
IN.admin-module,"(Apollo) Educator Admin microsite",2018-04-05T19:32:54Z,2020-12-11T20:22:48Z,2020-11-23T23:11:47Z,467
IN.airflow-playground,"Local environment based on a Docker Image for development purposes. This is the same image which will be utilized by CO to setup infrastructure.",2019-03-12T16:06:13Z,2019-04-18T21:13:58Z,2020-11-12T15:29:23Z,18
IN.apollo-airflow,"Data processing engine based on Apache Airflow + Python which enables Apollo to process data exposed by Learner side on a data stream. Also known as Apollo Data Pipeline v1 - TO BE DEPRECATED by Q2-2019. ",2018-05-25T15:47:01Z,2021-01-07T23:10:07Z,2020-12-23T15:48:57Z,914
IN.apollo-airflow-v2,"Data processing engine based on Apache Airflow + Python which enables Apollo (Atom Educator) to consume data published by Atom Learner. Version 2. This iteration simplifies the architecture by having a lightweight approach with a clear separation between Airflow (Product) and DAGs & PythonOperators.",2019-04-01T16:11:27Z,2020-12-08T06:22:08Z,2020-12-08T17:52:45Z,510
IN.apollo-dashboard-module,"null",2019-02-13T17:07:40Z,2019-10-03T17:31:33Z,2019-10-03T17:31:39Z,246
IN.apollo-dashboard-module-B,"Alternate version of the dashboard using R Shiny - RStudio",2019-09-17T19:50:46Z,2020-04-17T03:07:26Z,2019-09-24T15:21:48Z,3
IN.Apollo-DB,"SQL Scripts for Apollo DB",2018-02-22T17:01:41Z,2018-02-27T15:55:13Z,2018-11-27T16:28:07Z,3
IN.apollo-random,"null",2020-05-13T18:47:20Z,2020-11-12T07:39:12Z,2020-11-12T07:39:15Z,8
IN.ApolloDB,"Repo to host all DB scripts for SQLServer",2018-02-06T15:46:32Z,2018-09-05T18:44:08Z,2018-11-27T16:28:32Z,8
IN.assignment-filters-dw,"Test/Assignment Filters Microservice",2018-10-31T16:35:13Z,2019-04-18T19:33:11Z,2019-04-25T19:09:40Z,80
IN.assignment-student-group-dw,"Test/Assignment & Question Level View at the Student Group level Microservice",2018-10-31T16:37:04Z,2021-01-13T14:03:51Z,2020-12-11T19:10:41Z,185
IN.atom-educator-config-module,"UI in charge of managing UI config settings which allows customization",2020-03-06T19:00:30Z,2020-09-04T16:28:46Z,2020-09-04T16:28:49Z,17
IN.automation,"Automation testing repo for Institutional Plattform",2017-04-06T21:29:43Z,2019-06-11T15:36:20Z,2017-07-27T17:19:54Z,9
IN.caching-security-utilities,"Utility repo where we will store Caching and Security common items that could be uses across all our Microservices",2018-04-09T19:51:00Z,2019-02-06T14:12:55Z,2020-04-03T15:08:11Z,48
IN.class-rt,"Educator Admin - Class microservice",2018-10-02T17:28:37Z,2020-10-09T22:19:18Z,2020-10-09T18:33:45Z,157
IN.class-rt-java,"Admin - Class microservice",2018-03-15T18:02:53Z,2018-07-19T18:14:08Z,2018-11-27T16:28:44Z,18
IN.config-rt,"null",2019-08-19T19:44:38Z,2020-10-29T15:03:35Z,2020-10-29T15:03:33Z,30
IN.course-rt," Educator Admin - Course (Product) microservice",2018-10-10T18:59:17Z,2020-12-31T01:56:07Z,2020-09-04T14:10:31Z,102
IN.dashboard-completed-events,"Microservice which exposes Landing.Completed_Sequence_Events collection to be used by Apollo Airflow Dashboard microsite.",2019-03-26T14:45:10Z,2019-09-09T14:28:58Z,2019-09-09T14:29:01Z,56
IN.dashboard-completed-seq,"Microservice which exposes Landing.Completed_Sequences collection to be used by Apollo Airflow Dashboard microsite.",2019-03-25T18:53:45Z,2019-09-09T14:12:08Z,2019-09-10T20:10:04Z,40
IN.dashboard-failed-events,"Microservice which exposes Landing.failed_events collection to be used by Apollo Airflow Dashboard microsite.",2019-09-03T21:06:06Z,2019-10-03T15:41:52Z,2019-10-03T15:41:54Z,6
IN.dashboard-interaction-events,"Microservice which exposes Landing.interact_events collection to be used by Apollo Airflow Dashboard microsite.",2019-08-15T16:10:56Z,2019-09-09T14:15:15Z,2019-09-09T14:15:18Z,21
IN.dashboard-navigation-alerts,"Microservice which exposes Landing.navigation_alerts_events collection to be used by Apollo Airflow Dashboard microsite.",2019-08-15T16:17:25Z,2019-09-09T14:17:09Z,2019-09-09T14:17:11Z,13
IN.dashboard-non-utilized-tests,"Microservice which exposes Reporting.Non_Utilized_Test_Detail collection to be used by Apollo Airflow Dashboard microsite.",2019-03-26T14:47:06Z,2019-09-09T14:58:50Z,2019-09-09T14:58:53Z,21
IN.dashboard-reset-events,"Microservice which exposes Landing.reset_events collection to be used by Apollo Airflow Dashboard microsite.",2019-08-15T16:18:30Z,2019-09-09T14:20:20Z,2019-09-09T14:20:23Z,10
IN.dashboard-start-events,"Microservice which exposes Landing.sequence_start_events collection to be used by Apollo Airflow Dashboard microsite.",2019-08-15T16:08:53Z,2019-09-16T17:43:17Z,2019-09-09T14:27:25Z,20
IN.dashboard-test-detail,"Microservice which exposes Reporting.Test_Detail collection to be used by dashboard microsite",2019-03-26T14:46:08Z,2019-09-09T14:59:18Z,2019-09-09T14:59:21Z,23
IN.demographics-rt,"Educator Admin - dedmigraphics microservice",2018-10-02T17:24:58Z,2020-09-04T14:16:16Z,2020-09-04T14:16:16Z,92
IN.enrollment-external-rt,"null",2019-06-26T14:26:09Z,2020-07-07T14:25:45Z,2020-07-07T14:01:20Z,25
IN.enrollment-rt,"Educator Admin - Enrollment microservice",2018-10-02T17:30:49Z,2020-12-11T17:21:16Z,2020-12-11T16:40:10Z,79
IN.enrollment-rt-java,"Admin - Enrollment microservice",2018-03-15T18:02:01Z,2018-07-19T18:25:21Z,2018-11-27T16:28:55Z,45
IN.enrollment-studyplan,"Microservice that will keep a link between an Enrollment and a Study plan through a syllabus (Id)",2018-10-22T14:02:58Z,2020-09-04T08:18:13Z,2019-07-30T20:09:24Z,71
IN.faculty-rt,"Educator Admin - Faculty microservice",2019-04-15T14:57:54Z,2020-11-09T14:03:56Z,2020-11-09T14:03:58Z,78
IN.faculty-rt-java,"Admin - Faculty microservice",2018-03-15T18:01:08Z,2018-07-19T20:17:06Z,2018-11-27T16:29:06Z,22
IN.GraphQL-admin,"Admin (Atom Admin) GraphQL server which uses schema stitching approach to expose multiple REST APIs through one single entry point",2019-03-25T13:56:59Z,2020-09-22T17:18:46Z,2020-09-22T17:18:48Z,0
IN.GraphQL-dashboard,"Apollo (Atom Educator Dashboard) GraphQL server which uses schema stitching approach to expose multiple REST APIs through a single entry point",2019-03-25T18:50:11Z,2019-10-03T16:02:37Z,2019-10-03T16:02:39Z,25
IN.GraphQL-reporting,"Apollo (Atom Educator Reporting) GraphQL server which uses schema stitching approach to expose multiple REST APIs through one single entry point",2019-02-13T18:29:34Z,2021-01-12T20:21:08Z,2021-01-11T19:10:55Z,332
IN.group-rt,"null",2019-07-08T15:10:37Z,2020-09-04T14:19:00Z,2020-09-04T14:18:59Z,43
IN.group-selection,"API to return  the list of groups to be displayed on UI for reporting",2019-01-18T15:13:03Z,2020-08-27T18:20:23Z,2020-08-27T18:16:34Z,82
IN.historical-data-load-lambda,"Lambda function which will consume data published into a Kinesys data stream and will insert into ApolloReporting.test_detail collection. Initial publisher will be NIT. Historical Data Load for Educator Reporting",2019-04-25T15:27:20Z,2020-12-02T09:35:14Z,2020-11-24T10:15:09Z,47
IN.institution-rt-java,"Admin - Institution microservice",2018-03-15T17:56:03Z,2018-07-19T20:20:35Z,2018-11-27T16:29:18Z,60
IN.landing-execution-detail-dashboard,"Microservice which exposes Landing.Execution_Detail collection to be used by dashboard microsite",2019-04-05T03:34:40Z,2019-09-09T19:56:33Z,2019-09-09T19:32:02Z,29
IN.landing-execution-details,"Reads the execution errors and messages for different events for dashboard",2019-04-04T17:39:31Z,2019-04-04T17:42:46Z,2019-04-05T21:58:03Z,1
IN.learner-data-lambda,"Lambda function which is in charge of processing all data coming out of Learner (Atom) side Kinesys data stream into Apollo.",2018-03-20T19:50:10Z,2020-12-18T22:54:51Z,2020-12-18T22:54:52Z,144
IN.learner-non-utilization-lambda,"null",2018-12-03T17:40:45Z,2019-07-26T18:56:14Z,2019-07-26T18:56:16Z,12
IN.node-common,"Common repo across all NodeJS APIs (mainly for Admin)",2019-03-14T15:42:36Z,2019-12-05T19:34:47Z,2019-12-05T19:28:09Z,135
IN.organization-info,"null",2019-10-21T19:08:00Z,2020-06-19T18:17:48Z,2019-10-21T20:03:44Z,2
IN.organization-membership-setting-rt,"Microservice for Upsert and Get for Organization Membership Settings",2020-03-05T16:34:57Z,2020-04-27T20:20:03Z,2020-04-27T20:20:05Z,3
IN.organization-rt,"Educator Admin - Institution (School/District) microservice",2018-10-02T17:23:25Z,2020-09-04T14:06:43Z,2020-09-04T14:06:34Z,165
IN.playground,"Diverse utilities that help us make our lives easier",2019-08-22T14:14:21Z,2020-01-14T13:10:12Z,2019-10-09T14:37:53Z,13
IN.profile-dw,"Profile Microservice",2017-07-31T16:15:36Z,2020-08-27T20:16:35Z,2020-08-27T20:12:57Z,299
IN.qbank-report-api,"API for getting qbank test results",2019-11-20T12:16:18Z,2020-11-13T17:16:23Z,2020-11-13T17:16:26Z,47
IN.Question,"Microservice that will expose Questions answered by Students who have completed a resource",2018-12-06T21:21:53Z,2020-08-27T20:50:57Z,2020-08-27T20:50:16Z,62
IN.registration-module,"(Apollo) Educator Registration microsite",2019-07-26T16:57:12Z,2019-09-20T14:31:23Z,2020-05-12T20:01:40Z,5
IN.reporting-module,"(Apollo) Atom Educator Reporting microsite",2017-05-23T18:06:17Z,2021-01-11T15:00:39Z,2021-01-05T21:50:47Z,2107
IN.Resource-Completed,"Microservice that will expose completed resources",2018-12-06T21:11:41Z,2021-01-12T22:26:29Z,2020-12-23T15:11:05Z,123
IN.Resource-Completed-List,"null",2019-11-04T18:41:59Z,2020-04-27T20:27:02Z,2020-03-30T16:26:01Z,22
IN.Resource-NonUtilized,"Microservice that will expose non utilized resources",2018-12-06T21:15:33Z,2020-08-28T17:57:10Z,2020-08-28T17:57:05Z,43
IN.role-rt,"Educator Admin - Role (Profile) microservice",2018-10-10T19:04:54Z,2020-09-04T14:08:16Z,2020-09-04T14:08:16Z,109
IN.spark-dw,"POC for Data processing engine for Institutional reporting",2017-11-14T16:31:35Z,2017-12-06T16:17:37Z,2018-11-27T16:26:48Z,10
IN.sso-mock-app-client,"Mock Client App to test SSO into Apollo - This will be our fake NIT for testing",2018-01-16T19:49:12Z,2018-08-21T16:47:24Z,2018-08-29T18:41:04Z,94
IN.sso-token-sf,"Token based authentication with Salesforce.",2017-10-23T17:57:18Z,2020-08-13T21:00:30Z,2020-05-26T15:03:34Z,171
IN.student-assignment-dw,"Test/Assignment & Question Level View Microservice",2018-01-24T20:03:16Z,2020-08-28T15:27:50Z,2020-08-28T15:23:46Z,307
IN.student-rt-java,"Admin - Student microservice",2018-03-15T18:03:40Z,2018-07-19T18:15:06Z,2018-11-27T16:26:27Z,20
IN.test-filters-dw,"Test/Assignment Filters Microservice - Retrieves list of tests",2019-01-08T21:58:17Z,2020-12-23T15:10:38Z,2020-12-23T15:10:40Z,129
IN.ui-config-rt,"Microservice to provide UI settings to customize it.",2018-05-29T20:05:47Z,2020-12-31T07:19:08Z,2020-09-01T13:23:41Z,73
IN.user-rt,"Educator Admin - User & Profile microservice",2018-10-02T17:27:06Z,2020-12-31T01:54:32Z,2020-12-14T20:31:22Z,257
IN.user-rt-java,"Admin - User microservice",2018-03-15T18:04:28Z,2018-07-19T19:23:37Z,2018-11-27T16:25:56Z,30
infographic_emails,"Automated Infographic Emails",2019-05-03T03:07:57Z,2020-05-26T17:09:03Z,2020-05-26T17:09:06Z,34
java-util-package,"Common classes shared among java apis. ",2020-04-09T14:08:23Z,2020-05-29T19:34:55Z,2020-05-29T19:32:59Z,11
JIRA,"Tools for interacting with JIRA",2016-10-14T20:08:15Z,2016-10-14T20:08:15Z,2016-10-14T20:08:15Z,1
kaplan-mobile-framework,"Mobile Automation Framework Using Appium and Java",2020-12-31T09:59:48Z,2021-01-04T14:29:34Z,2021-01-04T14:29:37Z,0
kaplan-on-anki,"Converts Kaplan content to Anki deck",2019-07-16T15:51:49Z,2019-11-05T21:28:15Z,2019-11-06T15:13:46Z,215
Name,Description,CreatedAt,PushedAt,UpdatedAt,CommitCount
kaplanprepandachieve,"Kaplan Achieve site",2018-10-08T14:46:27Z,2020-12-21T19:33:19Z,2020-12-21T19:33:19Z,120
KaplanPublishing,"Utilities for consuming and analyzing Publishing data",2016-11-17T16:51:12Z,2021-01-11T18:24:58Z,2021-01-11T18:25:01Z,12
kapnclex,"Nursing Academics",2016-12-17T21:28:50Z,2020-07-26T16:16:10Z,2020-07-02T12:14:53Z,12
kapte.st-url-shortener,"null",2018-10-29T19:54:09Z,2018-10-29T20:06:37Z,2018-10-29T20:06:38Z,3
Kaptest-Website,"Kaptest Repository Graveyard",2016-03-08T20:54:26Z,2019-12-09T20:08:32Z,2019-12-09T20:08:34Z,17
Kaptest.Affogato,"null",2018-05-17T19:09:36Z,2021-01-12T15:42:52Z,2021-01-12T15:42:52Z,390
Kaptest.Cappuccino,"Welcome to Kaplan Test Prep 4.0",2018-03-07T17:21:45Z,2020-02-13T20:28:02Z,2020-02-13T20:28:05Z,786
Kaptest.Cortado,"Kaptest Account Management UI Application 2.0 - Built using React + Higgs Components",2018-01-23T14:54:28Z,2021-01-13T14:50:58Z,2021-01-05T14:13:38Z,1987
Kaptest.Espresso,"Kaptest User Account Management Repo ",2020-05-06T15:26:49Z,2021-01-07T22:41:51Z,2020-12-16T22:18:49Z,126
Kaptest.Latte,"Welcome to Kaplan Test Prep 3.0",2015-12-07T22:14:51Z,2021-01-11T16:42:30Z,2021-01-11T16:42:32Z,10983
Kaptest.Latte.Test,"Kaptest Latte Test",2017-06-01T19:45:43Z,2017-07-13T14:13:49Z,2017-06-26T18:25:04Z,14
Kaptest.Mars,"null",2016-04-11T18:57:15Z,2021-01-11T15:12:25Z,2021-01-11T15:12:28Z,470
Kaptest.Mocha,"Multi Tenant Web Application - 1 coffee to rule them all!",2019-07-02T14:09:49Z,2021-01-12T18:53:58Z,2021-01-12T18:53:58Z,4705
Kaptest.Oembed,"null",2016-04-28T15:53:59Z,2020-09-24T20:25:45Z,2020-09-24T20:25:47Z,87
Kaptest.Scheduler,"null",2016-10-03T16:21:03Z,2020-12-24T17:23:05Z,2020-12-24T17:23:05Z,1618
Kaptest.Syllabus,"Kaptest Syllabus",2016-05-24T20:38:59Z,2016-06-06T20:24:32Z,2016-06-06T20:24:53Z,2
Kaptest.Web.Config,"Kaptest Apache configuration file",2015-12-09T20:15:29Z,2020-01-29T15:38:17Z,2020-01-29T15:38:19Z,657
Kaptest.Website.Automation,"null",2015-02-18T17:39:37Z,2021-01-07T18:04:31Z,2021-01-07T18:04:34Z,0
Kaptest.WPBlogTheme,"Kaptest Wordpress Custom Theme",2016-12-19T19:24:54Z,2017-04-04T18:12:49Z,2016-12-19T20:13:29Z,6
KBR.Analyzer,"Analysis for Bar Data",2015-12-31T00:59:18Z,2020-07-31T19:47:19Z,2020-07-31T19:47:22Z,54
KBR.XmlConverter,"null",2017-09-26T19:51:55Z,2017-10-30T07:46:55Z,2020-02-24T15:19:40Z,10
KILR,"Kaplan Inc. Learning Review meeting analysis system",2019-11-26T23:27:28Z,2020-02-22T06:07:01Z,2020-02-22T06:07:04Z,18
kna-sf-qa-automation-katalon,"null",2020-10-28T14:23:37Z,2020-10-28T14:23:39Z,2020-10-28T14:23:37Z,0
kpub-scripts,"null",2016-11-03T15:11:19Z,2020-09-29T17:37:29Z,2020-09-29T17:37:43Z,607
ktp-auth,"KTP APPS team authentication service",2020-10-10T23:29:03Z,2020-12-09T23:53:30Z,2020-12-09T23:53:32Z,0
ktp-automation-test,"Ktpapps automation test repo",2020-04-16T16:00:41Z,2020-04-21T17:27:59Z,2020-04-16T21:46:52Z,7
KTP-Automation-Testing,"null",2020-05-04T16:38:36Z,2020-05-06T18:08:45Z,2020-05-06T18:38:47Z,1
KTP-BAR,"null",2020-06-03T03:17:53Z,2020-06-03T03:32:14Z,2020-06-03T03:32:17Z,1
ktp-bar-slingshot,"Bar slingshot app built using angular",2020-01-09T01:34:19Z,2020-12-17T07:07:45Z,2020-05-11T12:41:28Z,1022
ktp-class-cancellation,"KTP Apps lambda to automate class cancellation logic (based on Arrivals)",2019-05-15T23:07:41Z,2020-02-25T15:02:37Z,2019-08-30T13:09:08Z,29
ktp-coding-assignments,"null",2019-03-28T14:51:22Z,2020-12-10T03:43:07Z,2020-12-10T03:43:06Z,7
ktp-faculty,"null",2017-10-25T19:25:12Z,2020-12-10T22:21:55Z,2020-12-10T22:21:58Z,377
KTP-GRAD,"null",2018-03-05T20:51:54Z,2018-03-23T20:00:39Z,2018-03-23T20:00:41Z,3
ktp-graphql-services,"KTP apps team GraphQL micro services",2019-01-08T20:45:13Z,2020-12-12T01:24:12Z,2020-12-12T01:24:14Z,75
ktp-jenkins-library,"Jenkins building library",2020-04-30T18:39:55Z,2020-10-25T00:44:02Z,2020-04-30T18:39:59Z,1
ktp-mobile-android,"KTP mobile app for android devices",2019-08-12T14:00:25Z,2021-01-13T14:17:01Z,2020-12-10T17:10:37Z,6
ktp-mobile-ios,"KTP mobile app for iOS",2019-08-12T13:53:13Z,2021-01-13T10:19:21Z,2021-01-13T10:12:08Z,1388
ktp-mprep-automation,"Pushes MPrep teacher Zoom URLs to the Marketing Cloud",2019-11-21T18:26:38Z,2020-12-09T22:32:24Z,2020-12-09T22:32:27Z,59
ktp-observation,"Observation service in GraphQL",2018-04-13T15:49:51Z,2019-06-12T16:29:15Z,2019-06-12T16:29:40Z,49
ktp-sanity-checker,"A sanity checker app for ktp web testui products",2019-04-01T18:36:45Z,2019-04-01T18:38:32Z,2019-11-06T15:15:08Z,1
ktp-toolbox,"KTP Apps toolbox repo, including material ui components, utils functions, shared logics",2020-01-21T21:12:24Z,2020-04-17T01:25:56Z,2020-04-17T01:25:59Z,38
ktp-tutor-automatch,"Automated tutor matching service",2018-10-16T14:13:32Z,2020-06-25T19:01:55Z,2020-06-25T19:01:57Z,190
ktp-tutoring,"KTP GraphQL Tutoring service",2018-05-18T14:12:46Z,2021-01-12T19:26:09Z,2021-01-12T19:26:11Z,697
ktp-web,"Shell based on Atom platform",2019-04-22T17:52:12Z,2021-01-13T09:18:36Z,2021-01-13T09:18:39Z,828
ktp-web-testui,"KTP Test like UI angular 8 + nodeJs",2018-07-06T13:58:12Z,2021-01-12T13:35:08Z,2021-01-07T09:41:02Z,0
ktp.loginjson.revise,"Automate loginjson revisions",2019-01-07T18:32:35Z,2020-05-04T10:14:47Z,2020-05-01T17:18:26Z,35
ktpa-auth,"Authentication Service for KTP Apps (with Google integration )",2014-11-27T16:03:35Z,2020-08-03T18:22:37Z,2020-08-03T18:22:40Z,73
ktpapps-automation,"ktpapps-automation",2020-05-06T18:18:49Z,2020-11-05T23:37:46Z,2020-11-05T23:37:48Z,79
ktpdelivery,"null",2016-06-21T15:49:32Z,2016-08-30T13:55:51Z,2016-06-21T15:50:37Z,21
KTPPL,"Kaplan Test Prep psychometric functions operational library",2019-04-26T20:13:13Z,2020-05-01T14:00:47Z,2020-05-01T14:00:50Z,15
ktptownhall,"KTP Town Hall",2018-06-21T16:57:07Z,2018-10-23T22:35:45Z,2018-10-23T22:35:48Z,12
learnwithatom,"learnwithatom.com",2018-10-02T20:26:23Z,2019-09-23T14:57:38Z,2020-04-27T14:34:07Z,22
live-to-vod,"null",2019-03-27T17:42:38Z,2019-03-27T17:36:15Z,2019-03-27T17:42:40Z,63
live2vod-central,"Digital Media Live to VOD processor and editor",2019-01-31T22:41:27Z,2019-04-01T12:20:08Z,2019-04-01T12:20:09Z,20
liveonlinetechnology,"Adobe Connect Tools and Services",2015-01-05T16:00:37Z,2020-11-13T21:40:48Z,2020-11-13T21:40:52Z,3781
LSAT-Efficacy-Metis-Apprenticeship,"LSAT-Efficacy-Metis-Apprenticeship (Personalization & Efficient Learning, Zhanna Rozenberg, July 2016-May 2017)",2017-04-20T18:15:01Z,2017-05-27T18:39:01Z,2017-04-20T18:46:18Z,45
MarketResearch,"null",2017-04-20T18:29:05Z,2017-05-31T18:08:59Z,2017-04-20T18:52:25Z,9
MAS,"Kaplan Test Prep modularized adaptive simulator system",2019-04-30T00:46:39Z,2020-01-30T14:48:17Z,2020-01-30T14:48:20Z,3
material-ui,"KTP material UI components",2019-10-21T21:50:37Z,2019-10-23T22:40:29Z,2019-10-23T22:40:31Z,4
Med.Automation,"Automation for Med OLP Products,SHP,Content and ATOM Qbank ",2017-03-08T16:29:09Z,2017-09-15T12:08:28Z,2017-06-12T20:13:17Z,65
MockitoFrameworkSample,"null",2020-12-18T07:05:05Z,2020-12-18T07:10:30Z,2020-12-18T07:10:34Z,1
mtp.admin.frontend,"Admin frontend application for Manhattan Test Prep",2020-05-11T16:19:18Z,2020-05-13T21:45:17Z,2020-05-13T21:45:27Z,98
mtp.arcade.app,"LSAT Arcade application for Manhattan Test Prep",2020-05-11T16:14:20Z,2020-05-13T21:45:26Z,2020-05-13T21:45:52Z,61
mtp.cms.app,"CMS application for Manhattan Test Prep",2020-05-11T16:13:54Z,2020-05-13T21:45:42Z,2020-05-13T21:46:08Z,883
mtp.ebooks.api,"Adobe Content Server for Manhattan Test Prep",2020-05-11T16:14:48Z,2020-05-13T21:34:29Z,2020-05-13T21:17:57Z,105
mtp.exams.api,"Exams API for Manhattan Test Prep",2020-05-11T16:09:10Z,2020-05-13T21:46:15Z,2020-05-13T21:46:25Z,92
mtp.exams.frontend,"Exams frontend application for Manhattan Test Prep",2020-05-11T16:18:30Z,2020-05-13T21:46:23Z,2020-05-13T21:46:37Z,82
mtp.forums.app,"Forums application for Manhattan Test Prep",2020-05-11T16:13:05Z,2020-05-13T21:44:59Z,2020-05-13T21:45:15Z,379
mtp.javascript.library,"Javascript library for Manhattan Test Prep",2020-05-11T16:17:45Z,2020-05-13T21:46:34Z,2020-05-13T21:47:00Z,237
mtp.legacy.app,"Code for legacy application for Manhattan Test Prep",2020-05-11T16:12:43Z,2020-05-13T21:46:11Z,2020-05-13T21:46:57Z,6153
mtp.lms.api,"LMS API for Manhattan Test Prep",2020-05-11T16:08:02Z,2020-05-13T21:46:19Z,2020-05-13T21:46:29Z,393
mtp.lms.frontend,"LMS frontend application for Manhattan Test Prep",2020-05-11T16:17:04Z,2020-05-13T21:46:28Z,2020-05-13T21:46:47Z,1403
mtp.navigator.app,"LSAT Navigator application for Manhattan Test Prep",2020-05-11T16:11:48Z,2020-05-13T21:45:13Z,2020-05-13T21:45:23Z,1094
mtp.orders.api,"Orders API for Manhattan Test Prep",2020-05-11T12:47:31Z,2020-05-13T20:47:13Z,2020-05-13T20:47:42Z,171
mtp.permissions.api,"Permissions API for Manhattan Test Prep",2020-05-11T16:07:29Z,2020-05-13T21:45:08Z,2020-05-13T21:45:18Z,151
mtp.resources.api,"Resources API for Manhattan Test Prep",2020-05-11T16:06:55Z,2020-05-13T21:45:34Z,2020-05-13T21:45:42Z,104
mtp.routing.service,"Routing Layer for Manhattan Test Prep",2020-05-11T16:12:14Z,2020-05-13T21:45:30Z,2020-05-13T21:45:46Z,340
mtp.rubygems.library,"Rubygem for Manhattan Test Prep",2020-05-11T16:16:22Z,2020-05-13T21:45:21Z,2020-05-13T21:45:51Z,130
mtp.users.api,"Users API for Manhattan Test Prep",2020-05-11T12:50:29Z,2020-05-13T21:45:45Z,2020-05-13T21:45:56Z,136
mtp.users.frontend,"Users application for Manhattan Test Prep",2020-05-11T16:15:49Z,2020-05-13T21:44:50Z,2020-05-13T21:44:56Z,26
mtp.workers.service,"Workers service running cron tasks for Manhattan Prep",2020-05-11T16:11:06Z,2020-05-13T21:45:03Z,2020-05-13T21:45:09Z,129
mygithubrepo,"null",2019-04-12T13:44:21Z,2019-04-16T14:20:17Z,2019-04-16T14:53:32Z,2
NITApolloDataMigration,"NIT to Apollo Data Migration Pipeline",2019-04-16T17:58:47Z,2020-12-07T22:12:33Z,2020-12-07T22:12:35Z,96
no-name,"lambda function to handle web request redirect and rewrites",2018-04-23T16:15:55Z,2018-04-23T16:15:57Z,2018-04-23T16:15:58Z,1
Nursing.Admin.Api,"Nursing Institutional Admin Api",2016-04-26T13:11:32Z,2016-11-08T09:17:32Z,2016-07-19T02:26:38Z,7
Nursing.Log.Api,"Nursing.Log.Api",2016-05-17T18:47:30Z,2016-10-06T07:36:03Z,2016-05-17T21:22:53Z,62
NursingEmailer,"null",2013-11-27T15:26:56Z,2015-08-25T21:05:49Z,2020-04-15T01:42:11Z,36
NursingIT,"DXR",2013-07-03T21:22:20Z,2021-01-13T06:16:58Z,2020-12-29T10:29:06Z,3924
NursingIT-QaAutomation,"NursingIT-QaAutomation",2016-10-06T16:48:24Z,2017-08-14T06:44:19Z,2016-10-17T13:53:02Z,110
NursingIT.Frontend,"null",2015-08-10T15:26:40Z,2021-01-11T14:12:58Z,2020-03-09T15:14:57Z,1486
NursingIT.Scheduling.Api,"Nursing Test Scheduling API",2015-12-13T22:04:44Z,2016-01-07T03:34:22Z,2016-01-07T03:31:41Z,4
NursingIT.UX,"Prototype for testing",2015-05-11T14:54:45Z,2017-03-01T14:58:24Z,2016-02-02T16:03:15Z,493
NursingITTestingSession,"NursingIT Testing Session Status for Internal Employee",2020-03-18T14:42:22Z,2020-10-05T12:20:14Z,2020-10-05T12:20:18Z,4
NursingMultiDockerConfig,"null",2016-08-04T22:33:56Z,2016-09-22T21:22:46Z,2016-08-04T22:33:56Z,11
NursingUtilities,"null",2013-11-27T15:27:09Z,2020-04-15T21:03:57Z,2020-04-15T21:04:14Z,133
NursingUX.QAAutomation,"NursingUX.QAAutomation",2016-06-28T19:11:32Z,2016-10-18T04:35:49Z,2016-07-05T15:27:41Z,9
NXT-Sales,"null",2016-10-19T17:33:52Z,2016-10-19T17:34:56Z,2016-10-19T17:34:57Z,1
nxtReporting,"Reworked NXT reports can be found here.",2017-07-03T16:46:18Z,2020-09-17T14:35:04Z,2020-12-17T23:00:45Z,536
observations,"Stand-alone application that serves Goldmine and Palladium with faculty observations data",2016-08-24T16:24:37Z,2019-06-12T16:30:37Z,2019-06-12T16:30:52Z,74
oidc,"null",2018-11-05T20:03:01Z,2018-11-05T20:05:02Z,2018-11-05T20:05:05Z,1
Name,Description,CreatedAt,PushedAt,UpdatedAt,CommitCount
onboarding-atom,"null",2019-02-15T20:18:58Z,2020-03-31T15:04:33Z,2020-03-31T15:04:35Z,4
openid,"null",2018-09-21T19:28:04Z,2018-09-21T19:28:47Z,2018-09-21T19:28:49Z,1
Optimizely,"Scripts for the consumption and processing of Optimizely experiment data",2018-03-24T20:42:13Z,2018-03-25T00:08:28Z,2018-03-25T00:08:29Z,4
otc-web,"otc production website",2016-07-01T20:23:13Z,2021-01-11T17:12:08Z,2021-01-08T09:21:27Z,193
pack-n-provision,"Amify is a wrapper around Packer that makes it easier to manage the image pipeline in an infrastructure",2016-04-25T19:44:23Z,2020-12-09T20:14:03Z,2020-12-09T20:14:06Z,866
palladium-calendar,"Service for integrating Palladium-NewSkin with Google Calendar",2014-12-10T19:34:21Z,2021-01-05T21:18:47Z,2021-01-05T21:18:50Z,261
palladium-notification,"null",2017-07-27T14:58:00Z,2020-12-17T01:22:48Z,2020-12-17T01:22:50Z,77
palladium-profiles,"Palladium-Profiles Service ",2014-11-07T16:33:02Z,2020-04-14T18:24:02Z,2020-04-14T18:24:05Z,216
palladium-sessions,"Palladium-Sessions Service",2014-11-07T15:44:09Z,2020-04-17T14:11:06Z,2020-04-17T14:11:09Z,193
Palladium.Web.App,"Palladium React App",2017-06-15T17:35:05Z,2021-01-12T22:30:52Z,2021-01-12T22:30:55Z,1517
priya-gdpr,"null",2018-11-08T16:42:46Z,2018-11-08T16:42:47Z,2018-11-08T16:42:46Z,0
PROD-KTP-BAR,"Repository for BAR PROD study plans",2020-01-30T17:51:45Z,2020-06-08T17:27:00Z,2020-12-16T18:10:39Z,25
PROD-KTP-GRAD,"null",2020-06-24T17:54:41Z,2021-01-07T15:32:01Z,2021-01-07T15:32:04Z,556
PROD-KTP-HEALTH,"Repository for HEALTH PROD study plans",2020-06-11T18:44:20Z,2020-12-21T09:56:21Z,2020-12-21T09:56:24Z,364
PROD-KTP-K12,"null",2020-06-22T15:58:39Z,2020-12-16T13:58:17Z,2020-12-16T18:11:02Z,39
PROD-KTP-KTP,"null",2020-06-22T15:57:24Z,2020-06-22T19:35:43Z,2020-12-16T18:10:27Z,1
PROD-KTP-KTP-OTH,"Repository for KTP-OTH PROD study plans",2020-06-22T15:58:14Z,2020-10-28T22:17:25Z,2020-12-16T18:10:23Z,33
PROD-KTP-LIC-OTH,"Repository for LIC-OTH PROD study plans",2020-06-11T18:50:27Z,2020-07-14T11:56:42Z,2020-12-16T18:10:34Z,43
PROD-KTP-NURSING,"Repository for NURSING PROD study plans",2020-01-29T18:41:20Z,2021-01-13T08:20:21Z,2021-01-13T08:20:24Z,338
PROD-KTP-PRE-C,"null",2020-06-22T19:22:58Z,2021-01-11T09:25:05Z,2021-01-11T09:25:08Z,230
Protractor-Sample,"null",2018-10-08T15:28:50Z,2018-10-08T15:28:50Z,2018-10-08T15:28:50Z,0
PSYCCAT,"Computerized adaptive testing measurement and analysis functions",2019-12-27T19:40:56Z,2020-03-02T23:10:40Z,2020-03-02T23:10:42Z,29
PSYCCTT,"Psychometric sandbox for Classical Test Theory measurement and analysis functions",2019-12-27T19:38:27Z,2020-05-13T14:23:10Z,2020-05-13T14:23:13Z,208
PSYCIRT,"Psychometric sandbox for Item Response Theory measurement and analysis functions",2019-12-27T19:39:39Z,2020-08-12T18:35:36Z,2020-08-12T18:35:39Z,86
PSYCOPS,"Psychometric sandbox for processing functions and code (not psychometric measurement related)",2020-01-27T19:22:23Z,2020-03-30T16:12:17Z,2020-03-30T16:12:20Z,55
PSYCTEMPLATES,"Psychometric sandbox for software syntax templates",2019-11-14T20:46:51Z,2020-02-18T23:05:46Z,2020-02-18T23:05:48Z,9
PYNS,"PYNS, You're Not SSRS",2018-11-29T22:26:03Z,2021-01-04T02:07:08Z,2021-01-04T02:07:10Z,165
QA-KTP-BAR,"Repository for BAR QA study plans",2020-01-30T17:52:05Z,2020-06-10T19:50:56Z,2020-12-16T18:12:56Z,3
QA-KTP-GRAD,"null",2020-06-19T16:54:34Z,2020-12-17T21:33:58Z,2020-12-17T21:34:03Z,10
QA-KTP-HEALTH,"Repository for HEALTH QA study plans",2020-06-05T19:36:30Z,2020-12-09T16:42:32Z,2020-12-16T18:12:52Z,52
QA-KTP-K12,"null",2020-06-26T14:21:19Z,2020-06-26T14:21:20Z,2020-06-26T14:21:19Z,0
QA-KTP-KTP,"null",2020-06-19T16:42:51Z,2020-06-19T16:51:29Z,2020-12-16T18:12:10Z,1
QA-KTP-KTP-OTH,"null",2020-06-19T16:43:43Z,2020-07-17T14:29:12Z,2020-12-16T18:11:59Z,10
QA-KTP-LIC-OTH,"null",2020-06-08T14:54:38Z,2020-06-08T14:54:39Z,2020-06-08T14:54:38Z,0
QA-KTP-NURSING,"Repository for NURSING QA study plans",2020-01-29T18:42:00Z,2020-12-16T16:51:50Z,2020-12-16T18:12:34Z,257
QA-KTP-PRE-C,"null",2020-06-19T16:44:21Z,2020-09-21T12:59:25Z,2020-12-16T18:12:44Z,27
QA-WAYNEENTERPRISES-RESEARCH,"null",2020-09-04T19:33:27Z,2020-09-04T19:41:36Z,2020-12-16T18:13:01Z,1
Qualtrics,"Scripts for interacting with the Qualtrics API",2016-09-23T15:32:07Z,2020-08-25T15:20:09Z,2020-08-25T15:20:13Z,61
react-higgs,"null",2017-11-17T18:07:00Z,2020-08-28T14:05:51Z,2021-01-07T20:02:19Z,2834
react-higgs-themr,"react higgs custom themr",2018-01-29T20:15:30Z,2018-02-27T18:32:19Z,2018-01-29T21:40:34Z,14
ReverseColor_UnitTest_POC,"null",2020-12-21T10:57:32Z,2020-12-21T11:04:16Z,2020-12-21T11:04:19Z,1
rocketchat-sso-into-gallery,"null",2019-05-17T18:32:44Z,2019-05-17T18:35:37Z,2019-05-17T18:35:39Z,2
R_Apps,"null",2016-07-20T21:18:20Z,2020-12-15T02:34:17Z,2020-12-17T23:00:44Z,324
schematics,"null",2018-06-11T15:16:57Z,2018-06-13T16:40:21Z,2018-06-13T16:39:53Z,1
sf-qa-automation-katalon,"null",2020-10-28T13:05:03Z,2020-10-28T13:20:47Z,2020-10-28T13:20:50Z,1
sf-repeat-contacts,"null",2016-09-12T13:26:39Z,2016-09-12T13:58:41Z,2016-09-12T13:58:54Z,1
SFI-5584,"null",2018-11-08T16:47:43Z,2018-11-08T16:47:44Z,2018-11-08T16:47:43Z,0
SFI-5584-GDPR,"null",2018-11-08T16:56:47Z,2018-11-08T17:01:24Z,2018-11-08T17:01:25Z,3
SFI.admin-utils,"Diverse utilities to make Salesforce Administration easier",2017-02-01T13:49:39Z,2018-11-08T17:09:51Z,2018-11-08T17:09:52Z,6
SFI.cart-api-proxy,"Proxy API which will enable SF Shopping Cart to circumvent limitation with Guest User on Communities ",2019-10-29T20:19:46Z,2019-10-29T20:19:46Z,2019-10-29T20:19:46Z,0
SFI.case-portal-module,"Case portal on help.kaptest.com",2019-09-06T13:18:11Z,2019-10-22T15:43:05Z,2019-09-09T20:21:54Z,4
SFI.coding-sessions,"Dedicated repository for Lunch and Learn sessions",2016-06-07T16:16:06Z,2016-08-04T19:44:11Z,2016-06-07T16:16:06Z,31
SFI.ExactTarget_PROD,"Exact Target Backup for PROD",2016-06-23T18:59:15Z,2020-03-06T17:02:47Z,2020-03-06T17:02:49Z,134
SFI.external-enrollment-api,"Stubs for the External Enrollment API on Salesforce",2016-06-08T20:28:21Z,2016-07-25T17:39:12Z,2016-06-14T19:10:55Z,3
SFI.KapDev,"KapDEV Environment Repository - Salesforce Team",2016-05-14T11:29:18Z,2021-01-13T14:50:42Z,2021-01-13T14:50:45Z,4219
SFI.KapPROD,"PRODUCTION Environment Repository - Salesforce Team",2016-05-14T11:32:51Z,2020-04-15T17:37:32Z,2020-04-15T17:36:26Z,95
SFI.KapQA,"KapQA Environment Repository - Salesforce Team",2016-05-14T11:30:17Z,2017-03-02T17:50:15Z,2016-05-16T18:57:20Z,48
SFI.maia-automation,"Maia Automation framework",2017-03-24T14:47:56Z,2018-07-11T16:54:06Z,2017-04-06T15:55:46Z,23
SFI.my-store,"Pet project for testing different technologies as part of the coding sessions - see SFI.coding-sessions as well",2016-08-04T17:43:50Z,2017-06-15T19:30:37Z,2017-01-23T21:39:37Z,200
SFI.salesforce-atom-admin,"Data Pipeline which connects BizSys to Apollo Admin microsite for Organizations (BizAccounts), Courses (CC Products), Classes (CC Products), Enrollments (Enrollment+CC Order Item) & Users (Students + Faculty).",2019-05-15T17:40:29Z,2021-01-08T17:11:37Z,2020-12-09T18:07:38Z,93
SFI.shopping-cart-automation,"Shopping Cart Automation framework",2017-03-24T14:50:34Z,2017-07-20T17:56:28Z,2017-04-04T19:43:51Z,5
SFI.shopping-cart-module,"Single Page Application: Kaptest.com Shopping Cart ",2018-03-09T15:42:18Z,2021-01-13T14:51:15Z,2020-12-07T14:41:27Z,2262
SFI.SSO,"PingFederate JAR file.",2016-09-29T16:10:56Z,2016-09-29T16:41:33Z,2016-09-29T16:41:34Z,1
SFI.stp-automation,"STP on Salesforce automation framework",2017-03-24T14:51:36Z,2018-05-07T15:21:19Z,2017-04-04T20:17:16Z,1
SFI_QA_Automation,"SF automation for regression scenarios",2020-10-26T19:23:58Z,2020-10-26T19:48:36Z,2020-10-26T19:48:38Z,5
Shiny_Apps,"null",2016-11-02T19:21:02Z,2020-02-27T19:49:47Z,2020-03-06T21:44:15Z,12
SocialListening,"null",2016-10-25T22:54:22Z,2017-05-04T14:28:53Z,2016-10-25T22:59:48Z,3
SparkReact,"null",2018-05-16T04:31:51Z,2018-05-16T04:40:38Z,2018-05-16T04:40:54Z,2
sphinx-docs,"central repo for distributed documentation",2020-11-11T18:10:44Z,2020-11-11T18:12:52Z,2020-11-11T18:12:54Z,0
ssdr-platform,"A 3 tier Service Scheduling, Discovery, and Routing Platform",2016-07-12T06:55:03Z,2020-12-12T04:48:50Z,2020-12-11T18:02:53Z,0
SSI.AMZ-APIGW,"null",2020-06-25T15:04:02Z,2021-01-12T17:36:41Z,2020-06-25T15:42:08Z,1
SSI.Docker-Templates,"Repository of Dockerfile templates to standardize container structures",2019-01-29T21:13:17Z,2020-09-15T12:28:02Z,2020-09-15T12:27:50Z,19
SSI.helm-charts,"Kubernetes adoption repo.",2019-10-24T17:35:28Z,2019-10-24T17:35:29Z,2019-10-24T17:35:31Z,1
SSI.Jenkins-Templates,"A repository for Jenkins shared pipeline library code",2018-11-29T20:21:10Z,2020-12-08T19:24:08Z,2020-09-15T17:35:10Z,498
SSI.Kong,"Repo to store Metadata for Kong - API Gateway",2018-01-30T15:35:48Z,2020-09-03T16:19:52Z,2020-09-03T16:19:54Z,159
SSI.playground,"Playground repository, where any SSI team member can upload their pet projects. ",2019-01-07T19:26:48Z,2019-06-10T15:39:04Z,2019-06-10T15:39:06Z,26
Switchboard,"null",2013-04-29T20:18:10Z,2020-10-16T17:18:44Z,2020-10-16T17:18:47Z,390
Tableau,"Repository for Tableau dashboards and data sources",2015-03-30T20:12:32Z,2019-12-10T19:28:03Z,2020-03-06T21:44:33Z,66
team,"null",2016-12-28T14:50:06Z,2017-01-09T18:51:44Z,2016-12-28T17:38:12Z,0
teamcity-agent,"null",2016-03-11T07:36:32Z,2016-04-13T17:08:34Z,2016-03-15T18:08:48Z,25
teamcity-server,"null",2016-03-15T15:56:56Z,2017-02-02T20:21:01Z,2017-02-02T20:21:03Z,32
test-oidc-wrapper,"null",2018-11-08T22:13:57Z,2018-11-21T18:41:33Z,2018-11-21T18:41:35Z,56
time-series-forecasting,"null",2018-06-25T22:21:33Z,2018-10-09T00:00:23Z,2020-12-17T23:00:45Z,9
time_series,"This repository contains Emily's time series code.",2017-04-28T19:28:47Z,2017-04-28T19:40:55Z,2017-04-28T19:44:05Z,1
Toby-Penk,"The code base for NXT reporting",2017-05-04T16:11:17Z,2017-07-14T18:56:31Z,2017-05-04T16:12:27Z,58
traefik-docker,"docker image for traefik ",2018-09-19T14:32:40Z,2018-10-04T12:43:14Z,2018-10-04T12:43:15Z,5
tripwire,"null",2012-04-25T14:43:39Z,2020-11-18T04:50:28Z,2020-11-18T04:50:30Z,198
tutoring,"Stand-alone application that serves Goldmine and Palladium with tutoring related functionality",2015-09-30T22:00:41Z,2020-04-14T20:50:42Z,2020-04-14T20:50:45Z,454
typedoc-to-md,"null",2016-12-02T21:09:32Z,2017-02-08T20:32:02Z,2016-12-07T15:42:22Z,22
udeploy,"udeploy is a tool that allows defining SSDR infrastructure using declarative language.",2017-08-30T17:39:42Z,2021-01-12T17:49:16Z,2021-01-12T17:49:18Z,307
ugcstories,"front-end for UGC WebRTC stream to Wowza",2019-05-13T16:35:18Z,2019-05-13T16:44:16Z,2019-05-13T16:44:18Z,4
unfiRtunatel,"The data science team's internal R package",2019-08-06T21:34:59Z,2020-04-06T23:34:34Z,2020-04-06T23:34:36Z,32
upe-api,"null",2020-04-27T06:25:11Z,2020-05-04T14:02:41Z,2020-04-27T08:41:33Z,1
usage-analytics,"Usage analyses by the learning analytics team",2020-01-02T15:59:13Z,2020-08-20T20:55:11Z,2020-08-20T20:55:14Z,37
users,"Rails application responsible for delivering user management API",2019-07-23T20:20:41Z,2018-08-30T13:49:39Z,2019-07-23T20:20:44Z,101
Usurp-Mobile-Automation,"It is a cross-platform mobile app automation testing framework developed by Java to automate native, hybrid and mobile web applications (support iOS and Android OS).",2019-09-06T08:09:13Z,2020-11-13T09:00:57Z,2020-11-13T09:00:59Z,57
Usurp-Web-Regression,"null",2019-10-25T08:25:15Z,2020-08-07T10:32:54Z,2020-08-07T10:32:57Z,141
WAYNEENTERPRISES-RESEARCH,"null",2018-03-06T22:56:18Z,2018-03-23T20:57:07Z,2018-03-23T20:57:09Z,3
Wowza,"Digital Media Wowza Configuration",2018-10-23T21:11:25Z,2020-09-08T12:48:42Z,2020-09-08T12:48:44Z,56
